,Member_number,Recency,Frequency,Monetary
0,2193,91,21,361.45
1,1793,26,19,345.1
2,3289,4,21,334.15
3,2433,3,24,316.81
4,2743,142,15,312.46
5,2811,310,18,305.72
6,2990,140,20,303.61
7,3872,37,21,301.33
8,4753,52,19,301.1
9,2993,239,13,296.96
10,4509,31,19,290.74
11,4102,57,19,289.4
12,4437,31,20,285.6
13,1715,179,15,284.89
14,1169,380,17,284.8
15,1265,88,22,279.99
16,2051,46,26,279.4
17,4494,58,16,277.9
18,2851,105,22,277.4
19,4679,50,17,277.18
20,2210,96,15,271.95
21,3245,22,16,271.8
22,3593,57,19,268.8
23,1098,48,19,267.62
24,1052,64,23,267.5
25,4293,91,18,265.7
26,2001,112,16,264.32
27,2736,4,19,262.2
28,4624,33,20,260.94
29,2706,88,22,260.9
30,2022,161,20,260.7
31,4628,20,18,260.6
32,1870,112,21,257.54
33,2517,18,23,256.25
34,3014,49,14,256.0
35,2632,98,20,254.8
36,4302,55,17,254.7
37,4137,4,22,254.04
38,3657,92,18,253.55
39,1905,73,20,253.51
40,4078,46,15,253.12
41,2918,19,17,252.6
42,3180,72,24,251.45
43,3251,4,14,248.12
44,3957,229,20,248.11
45,1654,51,17,247.84
46,4303,5,20,245.36
47,3761,95,20,245.1
48,1407,154,20,245.05
49,1866,52,15,244.5
50,3543,80,19,244.34
51,4683,98,19,244.05
52,3120,7,17,243.5
53,4831,47,19,242.65
54,4836,47,18,242.0
55,2184,23,19,241.86
56,2443,45,15,241.7
57,4280,24,13,241.6
58,3361,161,22,240.5
59,4272,207,17,240.4
60,2271,40,19,240.2
61,2625,42,21,239.96
62,3768,84,16,239.91
63,4338,80,22,239.75
64,2960,11,20,239.24
65,4234,150,17,237.4
66,2772,26,14,237.2
67,2794,92,15,236.4
68,2729,97,16,236.3
69,4328,123,10,236.0
70,1353,324,18,235.4
71,4434,100,14,235.11
72,1565,16,18,234.79
73,1889,124,16,234.75
74,3048,20,17,234.0
75,3918,191,13,232.92
76,1787,60,12,232.7
77,4389,13,16,231.44
78,2344,13,23,230.0
79,3737,18,24,229.58
80,2870,66,11,228.6
81,3635,17,18,228.33
82,1761,89,15,228.22
83,3691,128,21,227.36
84,1862,116,14,225.65
85,4695,78,21,225.41
86,1065,47,12,225.4
87,1366,31,20,224.1
88,2524,25,22,223.95
89,2070,11,20,223.85
90,3531,123,16,223.5
91,3465,59,22,223.34
92,2440,194,21,223.29
93,2270,91,17,222.4
94,3752,131,22,222.36
95,1175,183,17,222.36
96,2138,301,17,221.86
97,3050,15,25,221.55
98,3535,120,10,221.5
99,3822,96,18,221.47
100,4875,65,25,221.4
101,3246,125,16,221.4
102,2394,38,21,221.0
103,3221,184,18,220.9
104,1651,13,15,220.35
105,1259,33,13,220.04
106,2738,51,17,220.0
107,1949,161,13,219.8
108,1090,70,11,219.2
109,1677,21,11,219.0
110,2779,3,18,218.15
111,3495,42,18,217.85
112,1379,170,26,217.85
113,4417,226,13,217.2
114,1522,371,15,216.19
115,2855,52,19,215.0
116,3776,165,17,214.9
117,1038,16,15,214.2
118,3830,73,20,214.05
119,3651,75,20,213.56
120,4636,264,15,213.55
121,4243,130,15,213.34
122,2758,41,18,212.9
123,3201,33,14,212.4
124,4235,11,18,211.84
125,3225,18,14,211.7
126,4666,28,19,210.57
127,2229,8,18,210.51
128,3960,70,17,210.1
129,2492,50,17,209.84
130,1466,29,20,209.8
131,2789,212,19,209.6
132,1136,57,14,209.06
133,3732,24,19,209.02
134,2663,70,21,208.82
135,2512,119,21,208.22
136,1051,50,16,207.36
137,3484,39,20,207.32
138,4789,110,9,207.05
139,1819,12,14,206.9
140,4486,28,19,206.66
141,3973,119,14,205.9
142,1574,148,20,205.7
143,4800,6,13,205.6
144,3248,194,17,205.44
145,1625,33,17,205.26
146,2251,190,13,205.0
147,1004,28,16,204.96
148,3562,0,18,204.76
149,1940,42,9,204.15
150,2447,2,18,204.0
151,4523,63,11,203.95
152,3416,45,12,203.8
153,3164,91,16,203.76
154,1430,13,14,203.6
155,2426,113,14,203.5
156,4499,62,15,203.26
157,1609,13,12,203.1
158,2511,169,16,202.74
159,2294,98,17,202.0
160,2549,128,14,201.92
161,3946,41,12,201.7
162,2033,319,11,201.5
163,4828,80,19,201.41
164,1991,21,20,201.2
165,1653,23,17,201.0
166,4656,5,19,200.3
167,3922,124,14,200.25
168,3950,25,12,200.0
169,1182,31,15,199.82
170,1983,143,13,199.6
171,4756,103,12,198.5
172,1312,226,13,197.8
173,1890,217,8,197.2
174,2601,69,17,197.0
175,3119,185,15,196.8
176,3499,240,15,196.03
177,1913,134,14,195.7
178,1360,14,16,195.2
179,4487,163,16,194.7
180,2555,7,15,194.4
181,1218,1,16,194.2
182,4941,319,22,194.04
183,1087,138,17,193.82
184,2650,38,13,193.71
185,1979,39,15,193.7
186,3855,28,18,193.5
187,4236,35,13,193.4
188,4512,9,15,193.2
189,1785,9,16,193.0
190,1921,49,12,193.0
191,1336,270,8,192.85
192,1618,150,13,192.72
193,3915,91,22,192.63
194,2716,98,14,192.1
195,1567,263,16,192.08
196,2346,104,12,191.9
197,3709,65,16,191.84
198,4257,131,13,191.75
199,3462,45,20,191.48
200,4218,88,11,191.35
201,3983,112,10,191.1
202,3879,27,14,191.05
203,1452,35,15,191.04
204,1465,51,15,190.96
205,4783,69,18,190.16
206,2408,112,16,189.93
207,3763,186,12,189.9
208,4510,118,16,189.76
209,4187,63,20,189.73
210,4292,25,19,189.7
211,4958,172,12,189.7
212,3938,152,15,189.62
213,1438,32,15,188.94
214,4330,191,14,188.9
215,3405,261,16,188.1
216,2996,95,14,187.8
217,3031,12,13,187.8
218,2171,118,17,187.5
219,3877,104,15,187.4
220,1013,89,17,186.75
221,2230,216,15,186.6
222,4316,353,17,186.46
223,1777,27,16,185.9
224,1934,146,16,185.8
225,1887,51,19,185.8
226,3115,427,14,185.54
227,2690,56,15,185.5
228,1410,52,24,184.45
229,1170,29,15,184.44
230,3633,1,12,184.44
231,4351,131,12,184.4
232,1554,223,14,183.5
233,1216,127,14,183.2
234,4197,57,15,183.1
235,1888,207,11,183.1
236,3584,13,11,183.1
237,1006,199,12,182.94
238,1792,137,11,182.84
239,1220,1,16,182.45
240,4671,151,18,182.45
241,2086,211,18,182.4
242,1572,100,18,182.1
243,1023,185,16,182.0
244,3402,136,20,181.52
245,1734,170,16,181.0
246,1287,124,15,180.92
247,3909,324,13,180.86
248,1908,157,19,180.64
249,2017,68,16,180.4
250,2839,60,7,180.3
251,4826,198,10,180.3
252,4130,54,15,180.2
253,4867,62,9,180.0
254,2120,84,12,180.0
255,4589,22,13,179.9
256,1932,114,18,179.8
257,4540,71,12,179.76
258,1129,374,12,179.64
259,1324,3,14,179.2
260,4742,45,14,179.1
261,1649,31,15,178.7
262,2629,24,16,178.54
263,2370,109,18,178.26
264,3028,204,14,178.2
265,2857,256,14,177.8
266,3467,6,9,177.76
267,2380,82,13,177.75
268,3483,38,13,177.66
269,4473,114,13,177.5
270,2834,4,9,177.32
271,3649,192,12,177.2
272,2178,10,9,177.1
273,3165,33,14,177.1
274,4086,410,9,176.95
275,2151,92,11,176.94
276,3442,46,12,176.3
277,3581,5,17,176.2
278,4588,52,18,176.2
279,4380,57,11,175.9
280,1494,92,15,175.74
281,1435,250,15,175.55
282,4747,128,13,175.42
283,4049,151,12,174.9
284,1729,15,12,174.7
285,1395,79,20,174.64
286,3579,0,11,174.6
287,1510,66,15,174.51
288,4584,28,9,174.3
289,1118,5,18,173.4
290,4096,184,10,173.0
291,2659,22,12,172.97
292,1477,40,16,172.9
293,4952,69,12,172.5
294,4937,185,15,172.04
295,3380,49,16,171.9
296,4799,252,18,171.85
297,4412,10,10,171.56
298,3429,184,16,171.52
299,1595,86,16,171.5
300,1208,14,11,171.46
301,2810,0,14,171.4
302,3821,361,15,171.1
303,3971,0,12,171.03
304,3832,166,12,170.96
305,2222,2,18,170.95
306,3920,234,9,170.9
307,2077,229,14,170.9
308,2718,201,16,170.72
309,4430,28,13,170.7
310,3629,261,12,170.5
311,1608,47,16,170.12
312,4112,247,16,170.0
313,2133,147,13,169.96
314,3827,57,16,169.73
315,3346,233,6,169.7
316,2202,93,13,169.45
317,1483,186,17,169.22
318,4353,128,15,169.0
319,1456,40,14,168.74
320,3862,42,19,168.55
321,2079,164,12,168.41
322,1998,226,20,168.05
323,1198,333,6,167.9
324,1245,26,15,167.71
325,4804,3,14,167.54
326,3474,127,14,167.4
327,2568,82,16,167.3
328,3437,331,13,167.22
329,2746,215,14,167.15
330,2847,37,13,167.0
331,2298,85,17,166.8
332,4657,137,17,166.8
333,1248,15,15,166.65
334,4601,15,14,166.65
335,2389,47,15,166.19
336,3299,305,11,166.1
337,3358,276,15,165.9
338,3247,59,21,165.9
339,2560,34,20,165.52
340,4220,39,13,165.5
341,1419,267,15,165.5
342,2059,479,9,165.35
343,4433,219,13,165.2
344,2381,227,17,165.02
345,4999,4,14,164.86
346,1613,127,15,164.7
347,1385,34,15,164.7
348,1782,81,11,164.2
349,2234,6,17,164.2
350,2928,99,8,164.0
351,3308,68,24,163.94
352,2868,26,18,163.9
353,2618,27,15,163.9
354,3046,42,19,163.8
355,1460,189,10,163.7
356,1711,38,14,163.66
357,1444,1,16,163.32
358,4165,134,17,163.15
359,2550,7,14,163.14
360,4153,156,19,163.0
361,4699,151,17,162.93
362,3182,76,13,162.9
363,2946,56,18,162.74
364,4946,56,13,162.5
365,3959,86,13,162.5
366,4735,273,12,162.1
367,4251,9,17,161.99
368,3369,1,14,161.84
369,2694,36,13,161.76
370,2799,111,18,161.7
371,1859,216,9,161.4
372,2089,60,14,161.3
373,3684,139,11,161.3
374,1190,64,14,161.1
375,3779,50,13,161.05
376,1237,265,16,160.8
377,1855,51,12,160.65
378,4594,190,17,160.6
379,1959,17,17,160.6
380,4495,14,21,160.55
381,4376,38,19,160.32
382,2755,227,10,160.3
383,3766,52,8,160.12
384,1620,132,10,160.1
385,2599,38,14,160.1
386,4825,45,14,160.0
387,4321,64,17,159.6
388,1404,241,16,159.5
389,3926,132,17,159.42
390,1708,2,15,159.4
391,4576,104,14,159.4
392,2713,134,10,159.3
393,2093,201,14,159.3
394,1999,128,15,159.24
395,2499,38,12,159.22
396,4667,127,14,159.0
397,3682,79,16,158.98
398,2348,19,15,158.91
399,2600,14,16,158.9
400,3517,19,17,158.74
401,3608,33,13,158.66
402,1827,182,19,158.6
403,2365,192,13,158.6
404,3663,40,17,158.5
405,3847,27,11,158.1
406,4708,89,14,157.8
407,1931,82,13,157.7
408,1583,37,17,157.65
409,1146,109,19,157.52
410,2723,57,9,157.5
411,4155,97,16,157.5
412,1116,31,18,157.4
413,2573,361,14,157.4
414,4261,317,12,157.25
415,4364,6,19,157.05
416,2435,92,9,157.05
417,1737,116,17,156.95
418,4721,177,17,156.9
419,3509,175,12,156.6
420,2363,66,11,156.6
421,4585,93,20,156.55
422,4028,175,9,156.5
423,2209,88,12,156.4
424,2765,30,12,156.25
425,1241,222,10,156.22
426,3082,96,18,156.15
427,2142,188,18,156.0
428,3898,131,9,156.0
429,1231,64,16,156.0
430,4745,6,12,155.98
431,1110,40,15,155.9
432,1008,88,11,155.9
433,4324,359,12,155.8
434,2578,29,15,155.76
435,2232,238,13,155.7
436,1682,59,17,155.66
437,2164,36,22,155.6
438,2787,189,14,155.6
439,3560,92,17,155.6
440,3642,309,10,155.25
441,1706,138,13,155.0
442,1832,43,15,154.75
443,4453,129,14,154.6
444,3856,272,11,154.6
445,3956,376,14,154.44
446,1296,37,16,154.34
447,2374,190,14,154.3
448,3398,294,9,154.3
449,4947,42,14,154.25
450,2400,283,10,154.15
451,2584,249,14,153.97
452,4566,122,12,153.96
453,2031,307,13,153.9
454,1235,215,16,153.88
455,4526,128,16,153.76
456,1197,38,14,153.6
457,2957,33,17,153.56
458,1373,164,13,153.4
459,2961,44,19,153.36
460,1534,139,14,153.31
461,3148,277,10,153.16
462,4524,4,19,153.0
463,4468,198,15,152.8
464,2648,52,10,152.7
465,1275,73,22,152.56
466,4694,42,17,152.54
467,2814,70,14,152.42
468,1422,87,16,152.4
469,4018,43,14,152.1
470,3603,334,11,152.04
471,4788,246,11,152.02
472,3276,183,11,151.8
473,1504,30,9,151.7
474,1646,124,16,151.66
475,2267,49,12,151.6
476,4002,118,13,151.55
477,4967,98,11,151.4
478,2100,78,14,151.14
479,4312,16,14,151.06
480,1624,8,9,151.0
481,1621,313,13,150.72
482,4548,153,14,150.7
483,4215,183,16,150.7
484,3812,47,15,150.65
485,4864,26,17,150.58
486,3287,331,12,150.45
487,3545,30,9,150.4
488,2421,38,18,150.3
489,2466,81,7,150.2
490,3393,53,16,150.14
491,1997,2,18,150.12
492,4045,8,11,149.9
493,3322,80,14,149.8
494,1094,113,16,149.79
495,2952,35,14,149.36
496,2357,98,17,149.35
497,2612,213,14,149.25
498,3692,73,12,149.1
499,1061,116,14,149.1
500,4759,313,11,148.85
501,3472,244,11,148.8
502,2547,36,11,148.6
503,2144,359,9,148.6
504,2835,82,16,148.52
505,2045,23,12,148.4
506,3389,135,12,148.4
507,4044,29,10,148.4
508,3547,32,16,148.09
509,3077,121,14,148.01
510,3558,102,16,148.0
511,3783,191,21,148.0
512,1602,123,12,148.0
513,3511,45,14,147.94
514,3701,247,11,147.68
515,4877,54,19,147.41
516,3438,3,16,147.35
517,2383,86,11,147.29
518,3207,34,14,147.2
519,4773,51,16,147.1
520,4734,38,8,147.1
521,3948,198,13,147.02
522,2041,97,12,146.7
523,3582,196,14,146.61
524,1329,221,13,146.6
525,1865,27,14,146.6
526,1229,285,8,146.4
527,4778,128,13,146.4
528,2117,53,13,146.28
529,4388,285,12,146.25
530,1509,0,16,146.2
531,3175,37,12,146.2
532,2069,181,10,146.1
533,3194,241,12,145.8
534,1566,41,17,145.76
535,4297,64,16,145.52
536,1333,99,15,145.5
537,1659,30,14,145.5
538,4685,56,15,145.5
539,2602,19,13,145.44
540,1811,98,16,145.3
541,2056,36,16,145.23
542,3090,56,19,145.22
543,4851,10,13,145.2
544,4030,8,19,145.05
545,1264,23,14,145.0
546,4953,81,16,144.9
547,2997,0,15,144.87
548,3774,13,9,144.7
549,1283,47,14,144.7
550,3508,137,15,144.61
551,4275,110,14,144.6
552,2745,245,13,144.6
553,3507,50,15,144.4
554,1120,95,15,144.39
555,3101,13,13,144.1
556,2854,325,10,144.02
557,4807,195,13,144.0
558,3071,200,14,143.85
559,4391,279,14,143.84
560,1133,149,12,143.82
561,2582,46,10,143.8
562,3727,225,12,143.8
563,4267,81,13,143.7
564,4442,32,13,143.7
565,3688,68,13,143.66
566,4424,75,8,143.65
567,4681,110,13,143.62
568,1484,84,8,143.6
569,3266,66,20,143.55
570,2369,74,8,143.5
571,3505,80,14,143.2
572,3045,279,10,143.15
573,2836,1,10,143.12
574,4557,72,8,143.0
575,4024,75,12,142.9
576,4592,22,14,142.9
577,4325,77,9,142.7
578,4564,56,16,142.26
579,3410,62,14,142.24
580,1839,82,11,142.2
581,2403,29,12,142.1
582,1204,160,15,142.1
583,3803,7,18,142.05
584,2272,116,11,142.0
585,1584,173,15,141.95
586,3337,203,11,141.86
587,2244,276,14,141.8
588,2654,35,16,141.7
589,3002,139,16,141.6
590,4797,179,11,141.6
591,4916,304,12,141.5
592,3116,385,12,141.4
593,4445,29,14,141.2
594,1894,88,12,141.2
595,3518,65,13,140.95
596,1943,91,16,140.86
597,2454,50,15,140.7
598,1322,72,14,140.64
599,2687,107,13,140.6
600,2293,11,17,140.56
601,4541,256,10,140.4
602,3718,73,16,140.4
603,1821,223,8,140.2
604,2964,141,11,140.2
605,3571,19,14,140.2
606,3072,205,15,140.15
607,4832,27,12,140.02
608,2040,84,15,140.0
609,3809,281,9,139.9
610,2018,127,12,139.6
611,1341,61,12,139.4
612,1457,355,11,139.4
613,2399,321,9,139.3
614,2042,41,14,139.24
615,4661,234,15,139.1
616,3741,39,14,139.1
617,3621,58,13,139.05
618,1239,121,15,139.0
619,3819,185,10,138.8
620,4972,327,12,138.7
621,3526,126,10,138.63
622,1081,241,13,138.6
623,2375,21,9,138.6
624,4202,28,11,138.4
625,4301,10,14,138.26
626,2289,56,15,137.84
627,4746,21,13,137.8
628,2066,223,11,137.7
629,1416,130,12,137.7
630,2310,281,14,137.68
631,4951,36,12,137.6
632,3670,378,7,137.55
633,1939,61,12,137.52
634,3498,274,7,137.5
635,4092,91,9,137.5
636,3170,27,12,137.4
637,3677,30,13,137.15
638,4262,75,13,137.1
639,1917,154,11,137.0
640,3904,233,8,137.0
641,3469,224,13,137.0
642,2432,18,10,137.0
643,1327,143,15,136.92
644,1157,452,7,136.9
645,3481,87,14,136.8
646,4131,276,10,136.8
647,2484,140,12,136.75
648,3427,246,9,136.7
649,3844,104,15,136.6
650,3841,164,16,136.38
651,1165,1,9,136.2
652,1542,145,9,136.2
653,3292,108,6,136.2
654,3687,8,16,136.09
655,4222,3,12,135.99
656,4574,30,17,135.9
657,3347,208,12,135.8
658,1623,58,11,135.7
659,4082,243,11,135.7
660,2254,340,12,135.7
661,4299,138,12,135.69
662,3489,42,13,135.6
663,1561,158,17,135.55
664,2760,144,18,135.4
665,4108,94,14,135.35
666,3782,330,15,135.34
667,4335,25,15,135.32
668,1798,363,15,135.2
669,2645,186,16,135.1
670,3414,68,11,135.0
671,3749,296,9,134.98
672,4572,62,15,134.8
673,2437,45,13,134.7
674,3942,50,18,134.61
675,4418,87,7,134.6
676,4356,29,8,134.5
677,2595,341,14,134.45
678,4056,71,13,134.45
679,2340,32,13,134.4
680,2028,10,12,134.29
681,4988,10,15,134.2
682,3522,98,9,134.2
683,4567,89,12,134.0
684,2784,47,12,133.95
685,4992,193,9,133.9
686,2415,144,12,133.9
687,3617,257,10,133.9
688,4633,135,13,133.8
689,4820,23,16,133.8
690,2771,126,7,133.7
691,1733,190,17,133.6
692,4138,81,12,133.39
693,2849,36,11,133.35
694,4441,51,14,133.3
695,2978,35,18,133.3
696,1144,76,13,133.25
697,1817,131,11,133.2
698,3878,155,15,133.0
699,2785,73,9,132.96
700,4006,12,12,132.81
701,3186,35,10,132.8
702,2540,300,14,132.7
703,2769,152,11,132.63
704,3325,31,13,132.62
705,1619,62,10,132.61
706,3144,136,11,132.52
707,3743,238,15,132.5
708,3679,7,14,132.39
709,4104,30,14,132.35
710,3268,54,15,132.27
711,1726,4,10,132.1
712,3881,267,12,132.05
713,1342,314,13,132.05
714,1616,22,10,132.0
715,3963,104,13,131.85
716,3166,246,12,131.8
717,3843,74,9,131.8
718,3181,17,13,131.7
719,4156,149,13,131.64
720,3557,163,10,131.63
721,3450,6,14,131.56
722,1356,113,10,131.44
723,2284,287,11,131.4
724,2747,122,11,131.3
725,2252,83,19,131.17
726,4252,264,9,131.16
727,4288,47,11,131.0
728,3025,72,10,131.0
729,2944,332,13,130.9
730,1540,34,11,130.9
731,4258,19,13,130.7
732,1507,191,16,130.6
733,4266,152,17,130.5
734,4163,214,14,130.5
735,3258,224,12,130.34
736,4503,11,10,130.3
737,3284,41,15,130.2
738,2523,179,13,130.06
739,4124,112,16,130.05
740,4211,470,11,130.0
741,2676,53,14,129.9
742,2825,1,10,129.9
743,3128,122,16,129.8
744,1948,127,17,129.75
745,1027,227,8,129.7
746,4277,24,17,129.66
747,4129,53,16,129.64
748,3497,36,17,129.4
749,4525,84,10,129.4
750,1107,90,14,129.38
751,4337,65,8,129.34
752,1062,103,13,129.32
753,2452,141,11,129.16
754,2356,121,12,129.0
755,4692,64,13,129.0
756,3500,162,15,128.95
757,4095,1,5,128.9
758,4637,230,10,128.9
759,2215,34,13,128.8
760,4427,333,12,128.7
761,4485,158,11,128.55
762,4340,5,13,128.5
763,4515,198,13,128.5
764,3232,12,14,128.45
765,2315,10,13,128.42
766,2186,120,14,128.25
767,4169,36,13,128.2
768,3081,463,14,128.03
769,1606,49,8,128.0
770,2194,208,14,127.91
771,1758,307,13,127.84
772,1759,95,12,127.8
773,2757,14,10,127.8
774,2504,138,9,127.7
775,4546,118,11,127.7
776,1878,33,19,127.61
777,3354,31,13,127.6
778,1500,284,15,127.52
779,2860,10,14,127.48
780,4780,102,18,127.22
781,1668,131,11,127.2
782,4194,233,14,127.2
783,4880,475,6,127.1
784,3294,180,12,127.05
785,4164,461,7,127.05
786,1225,224,18,127.0
787,2160,85,11,126.96
788,4160,140,13,126.92
789,1929,173,15,126.9
790,2617,222,13,126.85
791,2475,50,14,126.8
792,4107,45,11,126.65
793,3954,323,7,126.5
794,1783,176,16,126.24
795,1853,213,9,126.1
796,4182,131,12,126.1
797,1289,52,11,125.9
798,1740,404,15,125.8
799,1690,131,15,125.8
800,4776,66,15,125.7
801,1703,312,12,125.6
802,2692,82,10,125.6
803,2507,0,10,125.6
804,4718,117,11,125.49
805,3903,85,15,125.4
806,2950,81,13,125.34
807,3504,55,14,125.28
808,2597,137,13,125.25
809,3613,86,11,125.24
810,3769,306,10,125.15
811,4569,156,11,125.14
812,1242,16,15,125.11
813,4110,32,15,124.95
814,4938,20,14,124.87
815,1523,277,10,124.75
816,3297,223,12,124.7
817,4117,20,14,124.64
818,3655,317,4,124.6
819,1050,240,13,124.6
820,1753,131,14,124.5
821,1286,140,15,124.45
822,2465,3,11,124.3
823,1343,59,9,124.22
824,4223,84,16,124.2
825,1126,227,9,124.2
826,4719,2,12,124.1
827,2907,376,15,124.05
828,4580,31,8,124.02
829,3539,340,13,124.0
830,2580,43,10,124.0
831,3102,26,6,123.86
832,1269,91,12,123.62
833,4853,87,12,123.6
834,3054,185,16,123.6
835,2707,73,15,123.56
836,4362,172,13,123.55
837,2534,52,11,123.52
838,3460,36,14,123.5
839,3041,106,13,123.49
840,1497,81,8,123.42
841,3683,25,14,123.12
842,3042,3,16,123.1
843,3863,200,14,122.92
844,4191,57,12,122.8
845,3910,12,12,122.74
846,4760,272,16,122.7
847,3298,218,9,122.7
848,3900,10,11,122.64
849,1768,117,17,122.61
850,4736,162,10,122.6
851,1501,135,10,122.6
852,2303,518,6,122.6
853,4336,81,14,122.5
854,3794,34,10,122.4
855,2167,22,9,122.4
856,4643,28,15,122.15
857,3911,129,14,122.04
858,2672,34,11,121.8
859,2510,92,11,121.8
860,4448,358,11,121.7
861,1692,185,14,121.65
862,3814,162,12,121.64
863,2307,184,11,121.62
864,2850,278,8,121.6
865,3549,151,17,121.6
866,3360,46,9,121.6
867,2494,118,15,121.4
868,4623,175,12,121.4
869,4886,338,9,121.31
870,1209,414,9,121.29
871,2321,197,12,121.2
872,4968,47,5,121.2
873,2338,22,9,121.2
874,1114,173,13,121.12
875,4179,284,9,121.1
876,1823,33,10,120.9
877,1549,287,7,120.85
878,2336,84,9,120.84
879,4073,58,11,120.75
880,3044,92,17,120.62
881,2157,62,10,120.56
882,1971,103,7,120.55
883,4190,3,18,120.49
884,1294,373,12,120.4
885,3597,17,6,120.3
886,3328,76,10,120.12
887,3689,154,9,120.1
888,3835,105,17,120.05
889,3967,37,14,119.99
890,3600,34,14,119.92
891,4019,124,17,119.9
892,3786,233,12,119.9
893,3699,18,9,119.8
894,4170,172,15,119.65
895,3962,101,12,119.65
896,1636,25,10,119.6
897,2552,359,11,119.52
898,3296,135,13,119.5
899,3891,38,12,119.49
900,4766,92,14,119.26
901,4147,105,10,119.1
902,1780,78,15,119.05
903,3947,200,10,119.0
904,3604,226,13,119.0
905,4091,2,14,118.95
906,2004,131,12,118.8
907,4962,276,9,118.8
908,1148,94,14,118.76
909,4505,257,10,118.75
910,4743,179,12,118.64
911,3818,13,12,118.6
912,4550,51,11,118.6
913,1160,40,14,118.51
914,1628,41,12,118.4
915,1330,58,8,118.4
916,1895,402,12,118.38
917,3160,238,9,118.26
918,1347,106,12,118.2
919,4556,135,9,118.2
920,4440,29,10,118.2
921,3931,297,13,118.1
922,3067,33,10,118.08
923,3300,85,9,117.95
924,4787,140,11,117.9
925,4779,51,14,117.9
926,4722,14,10,117.9
927,2840,145,13,117.9
928,2166,20,14,117.75
929,3476,185,14,117.68
930,4305,159,13,117.66
931,2201,222,14,117.65
932,1741,10,12,117.6
933,1022,571,6,117.5
934,3122,60,19,117.42
935,2715,177,13,117.4
936,3141,44,16,117.4
937,3356,221,15,117.3
938,2311,59,15,117.2
939,3829,150,8,117.2
940,2869,20,11,117.1
941,3444,631,8,117.06
942,3189,37,14,117.04
943,1632,15,13,117.04
944,4470,7,14,117.0
945,3200,273,8,116.9
946,2063,33,13,116.9
947,4563,186,12,116.8
948,3396,230,13,116.8
949,2652,4,12,116.69
950,3488,9,7,116.65
951,4537,10,12,116.5
952,4669,188,8,116.48
953,3804,192,9,116.32
954,2349,166,15,116.32
955,2816,80,20,116.3
956,2885,41,13,116.0
957,3620,195,12,116.0
958,3206,78,12,115.91
959,1486,16,14,115.9
960,1945,244,12,115.9
961,1513,48,9,115.8
962,3523,51,12,115.55
963,1674,26,12,115.55
964,1930,45,11,115.3
965,3637,8,11,115.3
966,4289,83,8,115.3
967,1482,38,16,115.28
968,4071,76,9,115.26
969,3785,501,9,115.2
970,4387,105,16,115.2
971,1661,52,14,115.16
972,2341,373,10,115.02
973,1254,255,5,115.0
974,4152,195,15,115.0
975,1973,67,2,114.9
976,2700,45,8,114.88
977,1639,81,7,114.8
978,4352,1,12,114.75
979,4598,42,15,114.7
980,2453,9,14,114.69
981,1954,146,11,114.62
982,3435,417,10,114.6
983,4426,207,13,114.5
984,1480,39,13,114.44
985,1535,180,8,114.36
986,4652,266,13,114.3
987,1305,220,12,114.3
988,1178,45,11,114.24
989,3113,195,11,114.1
990,4162,8,12,114.0
991,3095,78,16,114.0
992,4608,35,10,114.0
993,4784,110,5,114.0
994,3491,65,12,113.8
995,1041,272,10,113.75
996,1493,90,14,113.7
997,3111,7,16,113.7
998,4150,126,10,113.7
999,3139,253,15,113.66
1000,3204,236,10,113.62
1001,2043,253,12,113.56
1002,1162,146,11,113.5
1003,4720,311,12,113.4
1004,2235,66,13,113.35
1005,3353,138,16,113.35
1006,1658,118,12,113.3
1007,2035,7,11,113.22
1008,3552,119,13,113.16
1009,4178,47,19,113.15
1010,3719,13,15,113.1
1011,4933,306,18,113.05
1012,2863,541,6,113.0
1013,1750,325,11,112.96
1014,1279,111,15,112.9
1015,3746,51,11,112.9
1016,3653,51,11,112.8
1017,1765,294,8,112.8
1018,3224,291,10,112.76
1019,3329,312,11,112.6
1020,1179,475,5,112.6
1021,1472,102,14,112.6
1022,2592,90,15,112.54
1023,4573,7,13,112.5
1024,3573,271,9,112.4
1025,1067,163,7,112.3
1026,3370,48,9,112.1
1027,3817,366,14,112.0
1028,4859,112,7,112.0
1029,1947,532,8,112.0
1030,2061,3,9,112.0
1031,1026,216,15,111.95
1032,4213,129,8,111.9
1033,1476,126,11,111.84
1034,2925,19,16,111.8
1035,2991,317,10,111.78
1036,4323,13,11,111.7
1037,1742,18,9,111.7
1038,4872,432,11,111.62
1039,2478,484,5,111.45
1040,4326,54,12,111.36
1041,4463,57,10,111.3
1042,2401,11,9,111.3
1043,1896,379,12,111.3
1044,2097,90,9,111.27
1045,2128,142,10,111.23
1046,2562,411,10,111.2
1047,3203,145,10,111.2
1048,4469,73,6,111.2
1049,2358,15,9,111.16
1050,4579,62,14,111.15
1051,4891,85,10,111.1
1052,2406,23,15,110.96
1053,2320,387,9,110.9
1054,4444,85,15,110.8
1055,3998,16,15,110.8
1056,1454,69,10,110.7
1057,4975,58,13,110.7
1058,4939,77,14,110.7
1059,4077,148,14,110.7
1060,3588,15,12,110.7
1061,4814,108,13,110.7
1062,1863,148,11,110.6
1063,2325,258,14,110.58
1064,2666,16,13,110.55
1065,3864,18,12,110.5
1066,1946,22,10,110.5
1067,2104,71,8,110.4
1068,3364,107,12,110.4
1069,3656,294,9,110.15
1070,2339,589,9,110.0
1071,4893,304,8,109.9
1072,2129,141,15,109.9
1073,1808,162,10,109.8
1074,1073,27,10,109.8
1075,1844,47,13,109.72
1076,4224,24,8,109.6
1077,1588,78,8,109.54
1078,3675,149,10,109.5
1079,4785,108,9,109.42
1080,4741,96,14,109.4
1081,1776,259,11,109.3
1082,2231,27,14,109.2
1083,4606,229,11,109.2
1084,1892,40,14,109.12
1085,1655,40,9,109.1
1086,4531,75,16,109.07
1087,3275,65,8,109.0
1088,4281,73,11,108.96
1089,2262,56,10,108.95
1090,1185,128,10,108.9
1091,2176,144,13,108.8
1092,4852,131,19,108.8
1093,1754,104,14,108.8
1094,4855,243,9,108.8
1095,4827,33,14,108.7
1096,3348,25,13,108.65
1097,1557,148,4,108.6
1098,2204,94,11,108.6
1099,4120,19,9,108.6
1100,4618,14,10,108.5
1101,4627,12,4,108.5
1102,2102,234,10,108.5
1103,3669,323,10,108.48
1104,1491,0,10,108.4
1105,2727,15,10,108.4
1106,2246,123,5,108.3
1107,1277,29,14,108.21
1108,1297,382,9,108.15
1109,1806,177,9,108.12
1110,2226,296,11,108.1
1111,1951,69,6,108.1
1112,4015,278,14,108.04
1113,3390,29,11,108.04
1114,2083,53,11,108.0
1115,1757,7,15,108.0
1116,4712,381,8,107.9
1117,4769,101,12,107.85
1118,3133,5,8,107.8
1119,1211,220,13,107.75
1120,2395,408,5,107.6
1121,1028,172,11,107.6
1122,1290,99,11,107.5
1123,2162,194,9,107.5
1124,2107,33,16,107.5
1125,3190,39,12,107.46
1126,3793,145,15,107.42
1127,1285,162,13,107.4
1128,4673,385,6,107.4
1129,4793,36,9,107.4
1130,4680,125,9,107.39
1131,4906,91,11,107.34
1132,4358,54,6,107.3
1133,2300,102,10,107.3
1134,1634,27,15,107.3
1135,1810,443,10,107.2
1136,2711,108,13,107.2
1137,1428,346,12,107.14
1138,1656,61,12,107.14
1139,2730,50,11,107.11
1140,1724,112,11,107.0
1141,1475,13,10,106.93
1142,3997,79,8,106.9
1143,1603,91,11,106.75
1144,1835,191,10,106.64
1145,4704,131,10,106.6
1146,2813,44,12,106.6
1147,1396,161,8,106.52
1148,1097,59,12,106.48
1149,2364,113,12,106.3
1150,3583,27,12,106.2
1151,1450,44,14,106.1
1152,4227,132,7,106.1
1153,4922,13,10,106.0
1154,1978,299,5,105.9
1155,2255,12,12,105.85
1156,2337,137,13,105.8
1157,2362,37,13,105.75
1158,2909,236,10,105.7
1159,4455,4,13,105.66
1160,1788,10,13,105.55
1161,4207,124,14,105.55
1162,3685,126,7,105.55
1163,1652,288,12,105.5
1164,3094,85,16,105.45
1165,4693,134,15,105.39
1166,4812,217,15,105.3
1167,1468,82,13,105.24
1168,2656,14,10,105.1
1169,2509,168,7,105.1
1170,1884,19,11,105.05
1171,2873,118,12,105.0
1172,4134,32,13,104.95
1173,1252,261,10,104.9
1174,1825,39,13,104.9
1175,4843,231,9,104.85
1176,3214,8,15,104.8
1177,2469,98,11,104.8
1178,1381,282,12,104.75
1179,1016,86,10,104.7
1180,4660,173,8,104.7
1181,2701,501,11,104.69
1182,4373,140,7,104.6
1183,2590,14,10,104.5
1184,3342,191,8,104.5
1185,2236,330,12,104.36
1186,1092,82,18,104.31
1187,2691,56,10,104.3
1188,4217,12,21,104.25
1189,3226,431,8,104.2
1190,3790,63,12,104.1
1191,3721,179,10,104.02
1192,1735,511,5,104.0
1193,1992,124,6,103.8
1194,3355,28,6,103.8
1195,1326,51,11,103.8
1196,3281,66,6,103.7
1197,3137,128,16,103.7
1198,4274,91,11,103.6
1199,2196,82,13,103.4
1200,1591,285,10,103.2
1201,2604,101,13,103.1
1202,1559,88,7,103.0
1203,2081,342,9,103.0
1204,3421,232,11,102.75
1205,1083,327,7,102.7
1206,1440,24,9,102.6
1207,4554,125,8,102.6
1208,2175,299,13,102.52
1209,1767,67,12,102.36
1210,4042,13,16,102.35
1211,3728,48,12,102.35
1212,2305,93,7,102.34
1213,1612,54,16,102.3
1214,2633,33,14,102.2
1215,1406,2,11,102.2
1216,4845,79,8,102.2
1217,3409,19,11,102.2
1218,2937,152,14,102.16
1219,3470,87,9,102.14
1220,3917,108,11,102.14
1221,4817,10,12,102.0
1222,2037,255,8,101.95
1223,4645,1,18,101.9
1224,4060,19,7,101.9
1225,2055,52,13,101.85
1226,4175,335,6,101.8
1227,4239,322,4,101.8
1228,2815,111,6,101.8
1229,3107,44,12,101.7
1230,2191,50,10,101.67
1231,4201,77,12,101.65
1232,1587,182,12,101.62
1233,2359,124,11,101.62
1234,4519,57,5,101.6
1235,1276,37,11,101.5
1236,1153,22,16,101.5
1237,1958,180,7,101.5
1238,3030,381,9,101.4
1239,4757,197,11,101.4
1240,3758,117,9,101.4
1241,2693,58,11,101.4
1242,1716,501,8,101.2
1243,1380,39,10,101.1
1244,2893,18,11,101.1
1245,1779,63,8,101.1
1246,3937,41,10,101.1
1247,1968,88,10,101.0
1248,1361,113,13,100.9
1249,2238,24,9,100.9
1250,3229,145,12,100.8
1251,2879,2,13,100.7
1252,1970,567,9,100.7
1253,2459,99,13,100.7
1254,1191,144,6,100.6
1255,2646,49,7,100.6
1256,1505,64,8,100.56
1257,2518,180,12,100.5
1258,3572,174,3,100.4
1259,2391,25,13,100.4
1260,1789,69,10,100.4
1261,3051,31,11,100.2
1262,3140,125,10,100.13
1263,4871,45,7,100.12
1264,2688,38,11,100.1
1265,3176,151,11,100.1
1266,3595,13,13,100.1
1267,1663,49,9,100.1
1268,1001,242,9,100.0
1269,1710,25,4,100.0
1270,3846,336,12,99.97
1271,2286,26,6,99.9
1272,3976,101,11,99.88
1273,1390,303,12,99.87
1274,2581,16,11,99.85
1275,4698,66,7,99.8
1276,1928,104,8,99.8
1277,2519,210,14,99.7
1278,1256,123,11,99.65
1279,4384,99,13,99.6
1280,4883,124,9,99.52
1281,3751,363,9,99.5
1282,4990,16,8,99.4
1283,4255,119,11,99.36
1284,2496,28,8,99.36
1285,4809,93,11,99.26
1286,1850,294,8,99.2
1287,3919,84,10,99.2
1288,1901,31,11,99.2
1289,2761,249,12,99.18
1290,4879,79,9,99.15
1291,3005,171,11,99.1
1292,2678,32,10,99.05
1293,1045,35,8,98.9
1294,1922,84,17,98.9
1295,3062,151,10,98.82
1296,2817,8,9,98.8
1297,4295,65,11,98.7
1298,4600,169,11,98.65
1299,3591,119,7,98.65
1300,2245,229,7,98.56
1301,2563,1,12,98.55
1302,4395,188,6,98.5
1303,2806,633,9,98.5
1304,4700,186,13,98.45
1305,2574,19,11,98.44
1306,3548,202,13,98.41
1307,2430,344,9,98.4
1308,1699,96,10,98.4
1309,1358,1,8,98.4
1310,1233,139,14,98.36
1311,3529,108,14,98.35
1312,4101,244,7,98.3
1313,2867,7,12,98.22
1314,4482,30,11,98.2
1315,4646,152,10,98.14
1316,2393,257,13,98.1
1317,4981,354,8,98.1
1318,4942,37,10,98.1
1319,4959,183,9,98.1
1320,1492,335,10,98.0
1321,2719,214,12,98.0
1322,3789,79,11,97.92
1323,2756,37,9,97.9
1324,4402,447,5,97.9
1325,2291,101,12,97.85
1326,3349,536,8,97.8
1327,3228,338,7,97.8
1328,2332,15,12,97.8
1329,4717,228,14,97.72
1330,2154,290,9,97.7
1331,2589,245,16,97.64
1332,2502,259,14,97.62
1333,1183,184,13,97.6
1334,3099,165,12,97.6
1335,4230,55,8,97.6
1336,4821,32,11,97.59
1337,2525,44,10,97.54
1338,4313,155,10,97.42
1339,1882,96,6,97.4
1340,1391,131,10,97.4
1341,1814,40,11,97.4
1342,4765,178,8,97.35
1343,1372,188,10,97.3
1344,4068,19,11,97.3
1345,4691,79,8,97.26
1346,1731,40,10,97.2
1347,4610,164,11,97.05
1348,4012,228,13,97.0
1349,2047,10,12,96.8
1350,1488,32,8,96.8
1351,4993,324,10,96.78
1352,1176,135,11,96.65
1353,3215,162,10,96.64
1354,2803,430,11,96.62
1355,3842,77,9,96.6
1356,1363,77,9,96.6
1357,1206,229,12,96.6
1358,2897,337,6,96.6
1359,3643,101,13,96.59
1360,4105,27,10,96.5
1361,3693,44,6,96.5
1362,1032,129,14,96.46
1363,3745,126,13,96.44
1364,3022,45,9,96.4
1365,3262,22,14,96.4
1366,2751,330,11,96.37
1367,3323,21,10,96.36
1368,4715,385,11,96.3
1369,2515,161,11,96.28
1370,4892,261,10,96.2
1371,3153,83,14,96.2
1372,2901,508,8,96.15
1373,2641,304,12,96.1
1374,1432,148,11,96.1
1375,2982,188,12,95.9
1376,4932,40,12,95.9
1377,1856,65,8,95.9
1378,2910,26,14,95.8
1379,2556,124,9,95.8
1380,2208,153,8,95.8
1381,1553,162,12,95.7
1382,4796,127,12,95.6
1383,4688,89,15,95.6
1384,4676,349,9,95.5
1385,3117,91,11,95.5
1386,2535,50,11,95.5
1387,4467,38,11,95.4
1388,4862,229,11,95.3
1389,2049,84,7,95.3
1390,2092,54,14,95.3
1391,1479,229,12,95.29
1392,2127,41,11,95.22
1393,1278,21,13,95.2
1394,4914,31,8,95.16
1395,2054,15,11,95.12
1396,2986,225,15,95.1
1397,3100,221,12,95.1
1398,1582,146,5,95.06
1399,3312,6,9,95.05
1400,1836,113,6,95.0
1401,3972,205,14,95.0
1402,1130,103,10,94.95
1403,3433,90,7,94.9
1404,2200,81,10,94.9
1405,3882,72,12,94.85
1406,1641,190,12,94.7
1407,1043,354,7,94.69
1408,1213,107,11,94.6
1409,4214,84,12,94.6
1410,1018,221,8,94.6
1411,4750,100,8,94.52
1412,1503,135,9,94.5
1413,3089,74,9,94.5
1414,4232,11,11,94.45
1415,1335,73,11,94.45
1416,2170,195,10,94.45
1417,3343,234,10,94.44
1418,1086,2,12,94.4
1419,4969,218,10,94.36
1420,4036,218,12,94.35
1421,2906,175,9,94.35
1422,2290,111,11,94.2
1423,4678,13,11,94.2
1424,4269,273,8,94.2
1425,1108,153,11,94.06
1426,1967,64,13,93.95
1427,1473,89,10,93.9
1428,1109,268,10,93.9
1429,2265,96,13,93.85
1430,1611,270,9,93.85
1431,2419,130,9,93.8
1432,1899,67,12,93.64
1433,4890,107,11,93.6
1434,3713,333,7,93.6
1435,2306,82,10,93.54
1436,4050,177,7,93.5
1437,1293,65,10,93.46
1438,3996,121,6,93.4
1439,1443,82,10,93.4
1440,2137,614,4,93.3
1441,1532,193,6,93.3
1442,1923,24,10,93.15
1443,1515,32,12,93.1
1444,2947,167,7,93.1
1445,4923,98,13,93.07
1446,4345,336,6,93.06
1447,4997,3,6,93.0
1448,2376,216,8,93.0
1449,2149,221,9,93.0
1450,3083,467,8,92.95
1451,1377,291,11,92.9
1452,3894,17,11,92.9
1453,2792,67,15,92.9
1454,2764,2,11,92.75
1455,1355,102,11,92.7
1456,4059,237,9,92.7
1457,1551,141,13,92.7
1458,1288,458,6,92.68
1459,4008,225,9,92.62
1460,3527,92,10,92.62
1461,3205,19,12,92.6
1462,1427,34,14,92.4
1463,3109,184,9,92.4
1464,3797,105,11,92.4
1465,2439,60,10,92.34
1466,2579,266,6,92.3
1467,1893,270,8,92.3
1468,3672,216,11,92.2
1469,4634,229,8,92.2
1470,3104,209,14,92.15
1471,4308,25,14,92.12
1472,4180,49,12,92.11
1473,1797,411,11,92.09
1474,4596,208,10,92.0
1475,1281,211,8,91.9
1476,4283,558,7,91.9
1477,1838,280,10,91.9
1478,3321,5,13,91.8
1479,3799,415,6,91.8
1480,4119,235,8,91.8
1481,3661,33,11,91.74
1482,2971,337,7,91.62
1483,4038,54,13,91.6
1484,4456,144,14,91.55
1485,4406,217,17,91.42
1486,1033,198,11,91.3
1487,1966,433,14,91.24
1488,4054,238,5,91.2
1489,2569,167,7,91.1
1490,2019,46,15,91.1
1491,4808,132,11,91.08
1492,2217,28,7,91.05
1493,3334,241,8,91.0
1494,3471,79,8,90.9
1495,3306,1,11,90.8
1496,2532,177,12,90.75
1497,1320,345,9,90.72
1498,3193,333,11,90.6
1499,2279,400,8,90.6
1500,3315,41,10,90.5
1501,1069,132,10,90.45
1502,3913,284,10,90.42
1503,3646,144,9,90.4
1504,2916,200,12,90.39
1505,1371,233,6,90.3
1506,4098,327,9,90.1
1507,2131,125,10,90.0
1508,3778,27,12,89.9
1509,3185,303,10,89.9
1510,3138,255,11,89.9
1511,4204,75,8,89.84
1512,1011,21,13,89.8
1513,4106,127,12,89.8
1514,4084,57,10,89.8
1515,4206,384,12,89.75
1516,2355,159,12,89.7
1517,3556,91,10,89.66
1518,4464,70,14,89.6
1519,2237,324,8,89.6
1520,3524,395,12,89.55
1521,2277,346,7,89.46
1522,4226,24,9,89.45
1523,2975,67,10,89.4
1524,1308,291,8,89.4
1525,3029,213,6,89.36
1526,1010,152,10,89.36
1527,4127,48,10,89.35
1528,1155,3,7,89.3
1529,4641,31,10,89.3
1530,3744,22,12,89.3
1531,1982,16,6,89.2
1532,3586,220,8,89.2
1533,1079,112,6,89.1
1534,3849,380,10,89.01
1535,1648,243,8,89.0
1536,2273,33,13,89.0
1537,1328,281,10,88.82
1538,2938,188,7,88.8
1539,3686,123,6,88.6
1540,3757,189,13,88.55
1541,2932,285,12,88.5
1542,2781,212,12,88.5
1543,3765,201,8,88.4
1544,4915,103,14,88.4
1545,4976,166,7,88.4
1546,2212,63,12,88.4
1547,1309,273,10,88.35
1548,1100,293,10,88.3
1549,4498,255,10,88.2
1550,4039,3,11,88.2
1551,1816,496,10,88.11
1552,2874,112,13,88.1
1553,3614,246,8,88.1
1554,1442,121,13,88.1
1555,4782,136,8,88.05
1556,4109,87,12,87.95
1557,2972,223,9,87.9
1558,4710,235,8,87.9
1559,1076,77,9,87.9
1560,4925,377,9,87.89
1561,2242,208,9,87.82
1562,3668,12,9,87.8
1563,2564,169,9,87.8
1564,4344,238,9,87.8
1565,1837,174,12,87.75
1566,3748,78,10,87.7
1567,3907,66,6,87.7
1568,3773,33,8,87.6
1569,2445,427,8,87.6
1570,3857,56,12,87.4
1571,4924,107,12,87.4
1572,1723,22,9,87.34
1573,1749,360,8,87.34
1574,4617,401,9,87.3
1575,4040,271,10,87.3
1576,4249,26,9,87.28
1577,4007,7,11,87.2
1578,3848,42,13,87.12
1579,1103,403,10,87.1
1580,4806,36,10,87.0
1581,4986,332,11,86.95
1582,4929,156,14,86.95
1583,3443,68,8,86.9
1584,2011,7,15,86.86
1585,3282,191,11,86.83
1586,4837,28,9,86.8
1587,3430,258,15,86.8
1588,2467,84,11,86.8
1589,2865,56,8,86.8
1590,1521,369,6,86.8
1591,3365,66,13,86.75
1592,2029,175,11,86.7
1593,2832,58,10,86.65
1594,2413,17,10,86.65
1595,3806,124,6,86.6
1596,1168,299,9,86.6
1597,1743,47,13,86.6
1598,2436,36,10,86.6
1599,1384,11,12,86.6
1600,2643,29,10,86.55
1601,3059,382,9,86.54
1602,1398,259,7,86.51
1603,2434,103,7,86.5
1604,3596,254,11,86.5
1605,4392,32,11,86.42
1606,4296,126,10,86.4
1607,2570,128,9,86.4
1608,1796,57,12,86.4
1609,4291,21,11,86.36
1610,2266,91,8,86.3
1611,1412,44,12,86.27
1612,4577,56,6,86.25
1613,4113,139,11,86.2
1614,2777,212,6,86.2
1615,4989,194,9,86.2
1616,2660,475,4,86.2
1617,3935,181,7,86.2
1618,3680,36,9,86.12
1619,2233,124,9,86.05
1620,4022,152,7,86.0
1621,3775,64,15,86.0
1622,4146,324,12,85.9
1623,1392,254,6,85.9
1624,2543,139,10,85.85
1625,1719,104,12,85.84
1626,2915,421,4,85.8
1627,1748,297,17,85.8
1628,4382,47,4,85.8
1629,2905,69,6,85.8
1630,3167,56,6,85.7
1631,1807,12,6,85.7
1632,2883,79,10,85.7
1633,3295,155,9,85.63
1634,1910,61,9,85.6
1635,2449,175,7,85.6
1636,2500,24,9,85.55
1637,1601,21,6,85.5
1638,3537,97,11,85.5
1639,1528,106,7,85.5
1640,2428,131,16,85.45
1641,1614,70,4,85.42
1642,3924,62,12,85.4
1643,1820,267,9,85.4
1644,2689,244,12,85.4
1645,3639,396,7,85.4
1646,2256,131,8,85.35
1647,1952,37,9,85.3
1648,1687,439,11,85.3
1649,1778,373,5,85.3
1650,2649,32,8,85.2
1651,3184,40,11,85.2
1652,1127,76,11,85.16
1653,3530,560,6,85.14
1654,4603,343,10,85.12
1655,3681,77,8,85.1
1656,4492,199,9,85.0
1657,3559,181,11,84.92
1658,3599,39,11,84.85
1659,1474,154,11,84.8
1660,4538,32,8,84.8
1661,2665,261,4,84.66
1662,3311,182,8,84.66
1663,4076,222,9,84.6
1664,1226,48,10,84.55
1665,3363,1,12,84.5
1666,3084,65,14,84.5
1667,2014,190,15,84.5
1668,1526,34,9,84.49
1669,2884,2,7,84.45
1670,3079,295,7,84.3
1671,2587,211,13,84.25
1672,2287,14,7,84.2
1673,3154,191,11,84.12
1674,2065,342,11,84.0
1675,2005,99,11,83.99
1676,4221,306,8,83.96
1677,3574,55,12,83.9
1678,4064,104,5,83.9
1679,3592,16,13,83.86
1680,3161,52,8,83.7
1681,1581,139,6,83.7
1682,2495,155,11,83.7
1683,2073,195,9,83.65
1684,2551,70,6,83.6
1685,3703,197,11,83.5
1686,4543,68,5,83.5
1687,2221,12,6,83.42
1688,3619,267,9,83.4
1689,2638,446,5,83.4
1690,2169,59,10,83.4
1691,4228,256,13,83.36
1692,2775,54,10,83.3
1693,4233,197,9,83.3
1694,1224,466,4,83.3
1695,3627,542,4,83.3
1696,2316,205,6,83.16
1697,2288,213,12,83.12
1698,1994,86,10,83.1
1699,4148,265,11,83.05
1700,1034,596,9,83.05
1701,1152,164,7,83.05
1702,2386,25,11,83.0
1703,1736,123,9,83.0
1704,1564,68,7,83.0
1705,3049,328,4,82.9
1706,1647,10,7,82.88
1707,4613,227,11,82.82
1708,3982,92,13,82.79
1709,4749,318,6,82.75
1710,4940,131,7,82.75
1711,1340,42,10,82.7
1712,2683,141,7,82.7
1713,2872,102,7,82.69
1714,2071,77,9,82.66
1715,4375,86,11,82.6
1716,4662,43,12,82.54
1717,2225,246,9,82.5
1718,2930,282,10,82.5
1719,4126,419,7,82.4
1720,2000,129,6,82.4
1721,1725,429,6,82.35
1722,2762,12,8,82.35
1723,1420,22,11,82.35
1724,3868,133,5,82.35
1725,3013,131,13,82.3
1726,4869,271,10,82.3
1727,2319,234,5,82.3
1728,2331,32,12,82.22
1729,4396,201,4,82.22
1730,3468,46,11,82.2
1731,3053,5,8,82.2
1732,2122,267,10,82.15
1733,2754,242,10,82.1
1734,3544,270,9,82.1
1735,3704,93,11,82.1
1736,1303,113,12,82.0
1737,1315,53,6,82.0
1738,1851,172,9,82.0
1739,1696,87,11,81.95
1740,1804,30,8,81.9
1741,4398,51,10,81.9
1742,1993,175,8,81.9
1743,2269,101,5,81.9
1744,4772,376,10,81.85
1745,3171,439,3,81.8
1746,3357,205,8,81.7
1747,4690,375,8,81.7
1748,2068,206,10,81.65
1749,2973,382,12,81.6
1750,2416,55,8,81.6
1751,2139,258,10,81.6
1752,3419,25,10,81.55
1753,4761,113,12,81.55
1754,2240,29,12,81.54
1755,4638,422,7,81.52
1756,2110,154,8,81.5
1757,3375,248,7,81.5
1758,3456,111,11,81.5
1759,1638,293,8,81.5
1760,1520,307,5,81.5
1761,3850,118,7,81.5
1762,3590,214,13,81.42
1763,1800,152,10,81.4
1764,3273,95,9,81.4
1765,4367,45,10,81.31
1766,2404,76,10,81.3
1767,3609,18,10,81.3
1768,2724,244,6,81.2
1769,3479,281,8,81.2
1770,4306,2,12,81.15
1771,2989,334,10,81.1
1772,4471,305,8,81.0
1773,1142,200,8,81.0
1774,4461,320,6,81.0
1775,4894,7,8,81.0
1776,1833,159,10,80.8
1777,1141,380,8,80.8
1778,3756,28,10,80.7
1779,3735,32,8,80.7
1780,1857,111,4,80.7
1781,1053,174,10,80.7
1782,2218,181,11,80.6
1783,2790,0,7,80.5
1784,3036,103,12,80.44
1785,4067,75,6,80.4
1786,3902,31,7,80.4
1787,3158,452,8,80.4
1788,3304,30,8,80.3
1789,1075,41,10,80.3
1790,1325,218,8,80.3
1791,2513,15,10,80.3
1792,2948,194,9,80.24
1793,3899,6,14,80.2
1794,3260,28,7,80.2
1795,1552,720,2,80.1
1796,1399,385,7,80.1
1797,2159,166,8,80.06
1798,4632,87,9,80.0
1799,4154,181,8,80.0
1800,3589,56,12,80.0
1801,4536,108,9,80.0
1802,4394,412,9,79.9
1803,2514,58,9,79.9
1804,1684,361,7,79.9
1805,4842,22,11,79.89
1806,2396,496,10,79.85
1807,4133,156,11,79.8
1808,2446,113,9,79.8
1809,4286,109,12,79.8
1810,4320,19,13,79.8
1811,4212,243,10,79.75
1812,1766,343,4,79.75
1813,3811,189,13,79.6
1814,4897,400,8,79.6
1815,2708,316,5,79.5
1816,1311,184,7,79.5
1817,3149,704,3,79.5
1818,4840,208,8,79.4
1819,2942,332,11,79.35
1820,2274,359,10,79.34
1821,1424,82,6,79.3
1822,3015,81,8,79.3
1823,3236,179,10,79.2
1824,1712,487,5,79.1
1825,4058,0,7,78.99
1826,2152,118,11,78.9
1827,2241,73,9,78.9
1828,3867,114,8,78.88
1829,4144,54,6,78.8
1830,2697,541,4,78.7
1831,4740,89,10,78.7
1832,1697,43,14,78.66
1833,3227,30,13,78.66
1834,3327,240,13,78.53
1835,2379,102,6,78.5
1836,1885,5,9,78.5
1837,1345,162,9,78.36
1838,3385,185,11,78.33
1839,1161,291,7,78.3
1840,3063,2,9,78.2
1841,2800,89,12,78.15
1842,3009,138,12,78.1
1843,4334,50,13,78.05
1844,4449,275,10,78.0
1845,3447,33,11,78.0
1846,2636,110,10,78.0
1847,2410,39,11,78.0
1848,2327,22,9,78.0
1849,3658,95,8,77.9
1850,2805,122,11,77.85
1851,4835,21,12,77.84
1852,4097,32,12,77.8
1853,3280,170,5,77.8
1854,2974,4,9,77.7
1855,4322,27,10,77.7
1856,4555,53,11,77.7
1857,3241,101,7,77.6
1858,2431,64,11,77.57
1859,4319,52,14,77.56
1860,2530,122,11,77.54
1861,1349,17,10,77.52
1862,2876,61,9,77.32
1863,1461,9,7,77.3
1864,2871,10,7,77.25
1865,2630,318,7,77.24
1866,3660,442,9,77.2
1867,2653,23,12,77.15
1868,3673,125,8,76.95
1869,2038,227,7,76.95
1870,4199,1,11,76.94
1871,4363,182,6,76.9
1872,4314,242,14,76.9
1873,2505,30,10,76.9
1874,4037,1,10,76.9
1875,2979,143,9,76.85
1876,3724,19,6,76.8
1877,4004,234,10,76.8
1878,4411,161,6,76.8
1879,1969,160,11,76.76
1880,1215,346,9,76.71
1881,2464,164,7,76.7
1882,2902,136,6,76.7
1883,1339,32,9,76.7
1884,4372,153,13,76.65
1885,3368,296,6,76.65
1886,4659,369,8,76.6
1887,1974,241,5,76.6
1888,4121,59,13,76.52
1889,3237,185,11,76.5
1890,4527,73,10,76.5
1891,2958,199,10,76.4
1892,3038,353,11,76.3
1893,2407,295,10,76.3
1894,2999,149,8,76.3
1895,4504,117,13,76.3
1896,1660,157,7,76.25
1897,2132,376,11,76.2
1898,3519,17,11,76.2
1899,4240,26,13,76.17
1900,1955,320,7,76.12
1901,4786,395,7,76.1
1902,4459,12,12,76.1
1903,2571,166,8,76.1
1904,2864,149,10,76.04
1905,3808,134,7,76.0
1906,3930,171,8,76.0
1907,2696,119,11,76.0
1908,1506,370,5,76.0
1909,1987,76,9,76.0
1910,4066,393,7,75.9
1911,3210,7,8,75.9
1912,1012,41,11,75.86
1913,4268,249,11,75.75
1914,2565,93,11,75.74
1915,3866,176,9,75.7
1916,3853,179,6,75.7
1917,1055,219,6,75.7
1918,3223,511,3,75.6
1919,4500,205,10,75.6
1920,3831,77,12,75.55
1921,3106,598,8,75.54
1922,2483,63,8,75.5
1923,3407,280,9,75.5
1924,2877,264,6,75.5
1925,1017,91,10,75.49
1926,4371,192,9,75.45
1927,2613,129,12,75.45
1928,3132,123,10,75.4
1929,4838,333,8,75.3
1930,1171,239,9,75.3
1931,2766,133,7,75.2
1932,3999,44,12,75.2
1933,2026,411,4,75.2
1934,1014,88,9,75.1
1935,2610,70,7,75.04
1936,3839,473,9,75.0
1937,3033,461,8,75.0
1938,1354,29,12,74.95
1939,3035,31,12,74.9
1940,3027,106,9,74.9
1941,2448,1,13,74.9
1942,2243,106,9,74.9
1943,4910,35,6,74.9
1944,3439,127,11,74.9
1945,2561,133,9,74.85
1946,3127,392,9,74.8
1947,4195,90,9,74.76
1948,2481,36,6,74.76
1949,2188,32,9,74.75
1950,3570,119,8,74.7
1951,1911,211,6,74.66
1952,1113,147,11,74.65
1953,2544,335,9,74.6
1954,3905,194,14,74.59
1955,2312,229,6,74.5
1956,4728,115,10,74.49
1957,1900,97,10,74.44
1958,1234,40,9,74.44
1959,3486,7,11,74.4
1960,2695,179,7,74.3
1961,2211,31,11,74.3
1962,2940,53,10,74.2
1963,2207,266,8,74.2
1964,2575,292,4,74.2
1965,4908,224,6,74.19
1966,1544,308,9,74.16
1967,1426,175,9,74.04
1968,3339,22,8,74.0
1969,2795,238,11,74.0
1970,4762,61,10,73.98
1971,3665,98,8,73.96
1972,2441,180,14,73.92
1973,3254,72,10,73.92
1974,4558,269,6,73.9
1975,4813,148,7,73.9
1976,4706,37,6,73.9
1977,1020,78,9,73.84
1978,4025,56,10,73.82
1979,2969,22,8,73.7
1980,1102,186,10,73.7
1981,3587,147,11,73.62
1982,2181,190,7,73.6
1983,1123,48,10,73.6
1984,3034,222,9,73.5
1985,1019,385,2,73.5
1986,3645,18,9,73.5
1987,1670,38,9,73.5
1988,2250,76,8,73.4
1989,3320,627,6,73.4
1990,2025,412,8,73.4
1991,2360,315,5,73.3
1992,2553,163,13,73.23
1993,4501,198,12,73.22
1994,2072,32,11,73.2
1995,2048,14,12,73.2
1996,1194,231,9,73.2
1997,4733,296,8,73.14
1998,4432,96,10,73.1
1999,4648,83,9,73.1
2000,2703,100,8,73.0
2001,3644,89,6,73.0
2002,1467,132,5,73.0
2003,1924,43,13,72.99
2004,1622,294,10,72.96
2005,2705,44,6,72.94
2006,2146,193,6,72.9
2007,4977,132,9,72.85
2008,4357,81,9,72.8
2009,4431,44,10,72.8
2010,1139,345,8,72.8
2011,2900,263,10,72.72
2012,2559,429,6,72.7
2013,4405,161,9,72.7
2014,1756,98,8,72.6
2015,4474,20,11,72.5
2016,3058,156,6,72.4
2017,4416,7,12,72.3
2018,4725,28,9,72.22
2019,4616,136,11,72.2
2020,3647,302,5,72.2
2021,3400,301,10,72.2
2022,1834,38,7,72.16
2023,3928,95,9,72.12
2024,4114,145,10,72.1
2025,3736,33,10,72.1
2026,2105,343,5,72.06
2027,4478,26,9,72.05
2028,1938,236,9,72.0
2029,3066,24,9,72.0
2030,2616,228,7,72.0
2031,2681,242,6,72.0
2032,1074,75,10,71.96
2033,2829,11,9,71.9
2034,1693,3,11,71.9
2035,2661,243,8,71.9
2036,4878,100,7,71.8
2037,3309,63,13,71.67
2038,1599,78,12,71.64
2039,2804,346,7,71.6
2040,4865,408,5,71.5
2041,2366,134,11,71.5
2042,2977,44,10,71.5
2043,1702,350,11,71.5
2044,3762,132,11,71.4
2045,3271,3,6,71.4
2046,1015,240,7,71.4
2047,4529,220,7,71.36
2048,3384,31,10,71.35
2049,4650,381,8,71.32
2050,4246,29,8,71.3
2051,2786,280,7,71.3
2052,4896,67,8,71.3
2053,3730,156,8,71.25
2054,2830,191,9,71.2
2055,3678,541,6,71.2
2056,1478,321,8,71.2
2057,1773,59,8,71.1
2058,3255,55,14,71.1
2059,4819,90,12,71.05
2060,2542,36,8,71.0
2061,3428,289,7,71.0
2062,4609,53,4,71.0
2063,2980,247,6,70.96
2064,3575,236,8,70.96
2065,1367,147,5,70.9
2066,3764,50,11,70.8
2067,1962,205,9,70.8
2068,3017,93,6,70.8
2069,3213,376,7,70.79
2070,1516,336,4,70.72
2071,2782,204,9,70.7
2072,4511,184,6,70.7
2073,2460,12,9,70.7
2074,4675,60,9,70.6
2075,2861,28,6,70.55
2076,4970,144,7,70.5
2077,1337,5,4,70.5
2078,3671,80,8,70.46
2079,2533,372,7,70.4
2080,3716,50,8,70.4
2081,2921,398,8,70.4
2082,1918,92,4,70.4
2083,1824,59,9,70.4
2084,4183,349,14,70.39
2085,4013,287,9,70.38
2086,1411,313,4,70.32
2087,4041,75,9,70.3
2088,1002,122,8,70.3
2089,4177,198,10,70.3
2090,4122,68,9,70.25
2091,4074,111,8,70.2
2092,2521,16,9,70.2
2093,1417,103,9,70.1
2094,3717,214,9,70.1
2095,2680,141,8,70.1
2096,4901,319,8,70.0
2097,2087,265,9,70.0
2098,2726,395,8,69.92
2099,1035,113,10,69.9
2100,1875,154,5,69.9
2101,2185,80,9,69.9
2102,3884,267,4,69.8
2103,4860,411,11,69.76
2104,2882,188,8,69.75
2105,1188,355,8,69.7
2106,2412,292,6,69.7
2107,2328,311,7,69.7
2108,3640,83,8,69.65
2109,3129,522,5,69.65
2110,3623,237,4,69.6
2111,3985,68,12,69.6
2112,3986,42,11,69.6
2113,2744,225,8,69.5
2114,2488,133,7,69.5
2115,1615,27,10,69.5
2116,2239,17,10,69.41
2117,2955,207,12,69.4
2118,3208,40,10,69.4
2119,2091,72,11,69.4
2120,2134,95,7,69.4
2121,2809,264,6,69.35
2122,4697,110,9,69.32
2123,3285,171,7,69.3
2124,2702,217,7,69.3
2125,4414,341,7,69.26
2126,3399,164,12,69.26
2127,4088,98,10,69.23
2128,2119,97,8,69.2
2129,4963,366,7,69.1
2130,1205,291,8,69.1
2131,3338,135,8,69.1
2132,2299,50,7,69.07
2133,4003,7,9,69.04
2134,2796,74,9,69.0
2135,4231,353,5,68.9
2136,3615,119,9,68.9
2137,2732,272,10,68.9
2138,4794,64,11,68.8
2139,1151,104,5,68.8
2140,3023,155,9,68.8
2141,3480,237,10,68.8
2142,2929,434,4,68.7
2143,4192,14,14,68.7
2144,4310,306,7,68.7
2145,3277,425,7,68.6
2146,1217,315,7,68.6
2147,4672,55,7,68.6
2148,1115,342,6,68.5
2149,4103,157,8,68.5
2150,1304,135,7,68.5
2151,1868,424,7,68.5
2152,1722,125,9,68.45
2153,1403,228,10,68.4
2154,1212,152,7,68.4
2155,3459,147,7,68.4
2156,4928,134,3,68.4
2157,4686,48,10,68.3
2158,3222,147,8,68.22
2159,2118,165,5,68.2
2160,2247,213,10,68.15
2161,4931,240,14,68.1
2162,2424,458,6,68.1
2163,4591,200,9,68.0
2164,1550,230,7,67.95
2165,4489,41,6,67.94
2166,3664,214,8,67.9
2167,2020,41,9,67.8
2168,1937,74,12,67.8
2169,2842,154,4,67.8
2170,2462,280,5,67.78
2171,4899,292,8,67.7
2172,1867,276,11,67.7
2173,2923,423,5,67.6
2174,1125,41,9,67.56
2175,2712,95,10,67.54
2176,2583,279,5,67.5
2177,4823,470,8,67.46
2178,3698,122,7,67.45
2179,3798,117,6,67.36
2180,1815,122,10,67.3
2181,2314,35,8,67.3
2182,1128,178,9,67.25
2183,1747,378,11,67.2
2184,1680,385,6,67.2
2185,2635,104,6,67.2
2186,1831,355,6,67.15
2187,4684,404,9,67.1
2188,2914,30,9,67.1
2189,4781,38,6,67.1
2190,1270,249,6,67.06
2191,3168,14,11,67.0
2192,1829,194,8,67.0
2193,1562,233,6,66.9
2194,3650,166,6,66.9
2195,1230,41,11,66.85
2196,2402,115,9,66.83
2197,4061,235,6,66.8
2198,1307,191,11,66.7
2199,1784,95,7,66.7
2200,2085,252,5,66.7
2201,1140,187,7,66.7
2202,1883,55,8,66.7
2203,4294,27,12,66.6
2204,4607,15,7,66.6
2205,2880,57,8,66.5
2206,1518,19,7,66.45
2207,4561,482,9,66.4
2208,1070,420,4,66.4
2209,3953,231,9,66.3
2210,4360,310,6,66.25
2211,4159,2,6,66.2
2212,4748,15,11,66.2
2213,4732,392,2,66.2
2214,2780,80,5,66.2
2215,3183,145,7,66.1
2216,2044,14,9,66.01
2217,4075,359,8,66.0
2218,2983,110,4,66.0
2219,1527,0,12,65.9
2220,1082,596,5,65.8
2221,2058,209,11,65.76
2222,1795,271,4,65.75
2223,2622,90,8,65.7
2224,2917,582,6,65.7
2225,4544,343,11,65.65
2226,2623,81,8,65.5
2227,4238,18,8,65.5
2228,2261,184,11,65.5
2229,1781,207,6,65.46
2230,4403,101,8,65.45
2231,3010,138,8,65.44
2232,3612,94,10,65.44
2233,4100,252,5,65.35
2234,3256,153,8,65.3
2235,2528,72,7,65.3
2236,2165,115,10,65.3
2237,3740,590,2,65.2
2238,4532,31,6,65.1
2239,2749,191,7,65.1
2240,3123,380,9,65.1
2241,4654,472,7,65.06
2242,1926,75,6,65.0
2243,4348,263,9,65.0
2244,2257,229,8,64.9
2245,3760,38,13,64.76
2246,3516,17,6,64.7
2247,3520,51,9,64.67
2248,3394,17,7,64.66
2249,1031,76,6,64.6
2250,4716,304,4,64.6
2251,3324,128,11,64.5
2252,2420,94,7,64.5
2253,3457,416,6,64.43
2254,3802,76,4,64.4
2255,4370,572,7,64.35
2256,3534,49,6,64.3
2257,2470,230,10,64.3
2258,4381,91,6,64.3
2259,4260,44,11,64.2
2260,2203,186,2,64.2
2261,3374,125,5,64.2
2262,2824,23,8,64.2
2263,1332,28,14,64.1
2264,2023,121,7,64.1
2265,2309,1,9,64.07
2266,1195,56,6,64.06
2267,4723,222,6,64.0
2268,3440,9,6,63.9
2269,2503,325,2,63.9
2270,1274,538,7,63.88
2271,3485,161,5,63.8
2272,1413,381,7,63.8
2273,4457,118,9,63.8
2274,1319,134,9,63.8
2275,3925,280,7,63.72
2276,4582,47,8,63.7
2277,3837,232,5,63.6
2278,4687,98,9,63.6
2279,4404,446,7,63.6
2280,1514,128,9,63.54
2281,2111,308,8,63.51
2282,3784,199,9,63.5
2283,4770,594,7,63.5
2284,3567,87,5,63.5
2285,4602,126,3,63.5
2286,3895,564,9,63.45
2287,2548,5,10,63.45
2288,4390,344,5,63.4
2289,4957,515,6,63.4
2290,3984,330,6,63.4
2291,3934,243,9,63.36
2292,2823,439,5,63.3
2293,1446,484,8,63.26
2294,2807,180,9,63.2
2295,2924,41,9,63.16
2296,1351,307,6,63.1
2297,1718,291,7,62.95
2298,2750,107,8,62.95
2299,2664,101,6,62.9
2300,1249,445,5,62.8
2301,3705,114,9,62.8
2302,3088,27,7,62.8
2303,2135,339,8,62.8
2304,2260,61,7,62.75
2305,2935,355,10,62.7
2306,4244,60,9,62.7
2307,1362,85,5,62.7
2308,1774,145,10,62.65
2309,2351,358,6,62.64
2310,1644,535,5,62.62
2311,3666,262,9,62.6
2312,4193,122,8,62.54
2313,1846,31,10,62.5
2314,1365,58,9,62.5
2315,1495,355,9,62.5
2316,2034,80,6,62.46
2317,1903,295,10,62.45
2318,4578,478,7,62.44
2319,2489,8,9,62.42
2320,3690,223,12,62.4
2321,3869,151,8,62.4
2322,4935,272,8,62.4
2323,4726,175,6,62.4
2324,1295,160,8,62.35
2325,4284,77,10,62.3
2326,1049,116,8,62.3
2327,4604,21,4,62.3
2328,3978,160,4,62.3
2329,2148,164,9,62.25
2330,3952,61,9,62.16
2331,3316,357,7,62.16
2332,4475,271,5,62.1
2333,2669,97,10,62.1
2334,1207,46,7,62.06
2335,4583,310,10,62.05
2336,3961,6,8,61.9
2337,4597,170,6,61.9
2338,4876,312,7,61.9
2339,2698,340,7,61.8
2340,2624,134,4,61.8
2341,2912,336,11,61.79
2342,1331,31,9,61.75
2343,3086,270,9,61.74
2344,3463,97,8,61.74
2345,4157,360,6,61.7
2346,4873,118,7,61.7
2347,1223,30,9,61.6
2348,1864,94,8,61.6
2349,1202,161,9,61.6
2350,4410,79,11,61.55
2351,3424,136,10,61.54
2352,2741,93,11,61.5
2353,3927,21,9,61.5
2354,4629,44,10,61.42
2355,1849,188,8,61.42
2356,3145,44,7,61.4
2357,1678,46,8,61.4
2358,4744,63,12,61.4
2359,2115,42,7,61.4
2360,4508,84,11,61.4
2361,4991,373,8,61.34
2362,3754,342,5,61.3
2363,3379,343,5,61.3
2364,3020,125,8,61.3
2365,2508,3,9,61.25
2366,1904,256,6,61.2
2367,1525,431,5,61.1
2368,1370,178,10,61.1
2369,2639,48,8,61.1
2370,3987,133,11,61.05
2371,4622,475,8,60.94
2372,4264,233,9,60.9
2373,3616,420,7,60.9
2374,1629,205,6,60.9
2375,2125,188,6,60.9
2376,3742,130,4,60.86
2377,4359,97,9,60.85
2378,4450,153,6,60.8
2379,2945,164,5,60.8
2380,2956,28,9,60.8
2381,1298,156,7,60.8
2382,3551,159,9,60.7
2383,1489,190,12,60.7
2384,2606,338,7,60.7
2385,3220,53,10,60.7
2386,3420,306,6,60.7
2387,1003,323,6,60.65
2388,4285,1,8,60.65
2389,2388,406,8,60.62
2390,3912,358,6,60.6
2391,2699,32,10,60.55
2392,3219,148,6,60.54
2393,3921,419,7,60.4
2394,1536,242,8,60.4
2395,4016,253,6,60.4
2396,2685,84,11,60.4
2397,4620,294,9,60.36
2398,2927,330,10,60.36
2399,2920,80,11,60.3
2400,2904,104,9,60.3
2401,3731,423,8,60.22
2402,1533,53,6,60.14
2403,1847,257,8,60.05
2404,2422,49,10,60.0
2405,3252,130,11,60.0
2406,4954,97,7,60.0
2407,4116,243,7,60.0
2408,3452,59,8,60.0
2409,4881,155,8,59.94
2410,1174,322,11,59.9
2411,1822,302,11,59.9
2412,4965,80,4,59.9
2413,3515,180,10,59.8
2414,2172,303,5,59.8
2415,3382,412,10,59.75
2416,4507,137,5,59.7
2417,1346,236,7,59.7
2418,4664,218,7,59.6
2419,2899,36,10,59.6
2420,3157,448,7,59.52
2421,4053,283,6,59.5
2422,4571,269,6,59.5
2423,2965,571,6,59.45
2424,4665,307,7,59.42
2425,1791,454,8,59.4
2426,3006,3,7,59.3
2427,2536,53,6,59.3
2428,1902,29,7,59.22
2429,1512,101,10,59.21
2430,4256,590,6,59.2
2431,2802,380,6,59.2
2432,2264,352,8,59.2
2433,4586,460,6,59.1
2434,2598,49,3,59.1
2435,1064,158,6,59.1
2436,3838,16,6,59.1
2437,2078,75,6,59.04
2438,3415,217,6,59.0
2439,4593,134,9,59.0
2440,4477,318,7,58.95
2441,1751,280,10,58.9
2442,1214,354,6,58.9
2443,4919,275,8,58.9
2444,2195,173,8,58.76
2445,1088,30,9,58.75
2446,3772,94,8,58.72
2447,2994,536,5,58.7
2448,2276,353,6,58.7
2449,1240,260,12,58.64
2450,1764,45,11,58.6
2451,2934,108,9,58.5
2452,4377,310,10,58.5
2453,1037,14,10,58.44
2454,4254,138,6,58.42
2455,2557,68,6,58.4
2456,3110,525,6,58.4
2457,2846,98,6,58.36
2458,3021,334,10,58.3
2459,3859,91,4,58.3
2460,4369,127,9,58.3
2461,4166,54,13,58.26
2462,1995,201,14,58.22
2463,1024,142,4,58.2
2464,1597,328,6,58.2
2465,1056,51,6,58.2
2466,1306,40,6,58.19
2467,4065,176,11,58.04
2468,2076,26,8,58.0
2469,1348,104,6,58.0
2470,4833,295,6,57.95
2471,4198,287,5,57.9
2472,3861,176,9,57.85
2473,1268,437,9,57.8
2474,1095,61,8,57.76
2475,3816,12,9,57.7
2476,4125,199,10,57.6
2477,4009,169,10,57.6
2478,4161,97,5,57.6
2479,1676,80,9,57.6
2480,2282,233,3,57.6
2481,1772,58,8,57.5
2482,1547,256,6,57.5
2483,2361,88,8,57.5
2484,3851,234,6,57.5
2485,1199,20,12,57.5
2486,2531,493,4,57.5
2487,4219,75,7,57.5
2488,1763,3,7,57.45
2489,4035,149,11,57.4
2490,1664,273,9,57.4
2491,2875,59,6,57.4
2492,1246,366,7,57.4
2493,2679,379,6,57.39
2494,2326,31,8,57.3
2495,2471,139,9,57.3
2496,4547,346,6,57.3
2497,3257,320,10,57.25
2498,3840,155,9,57.22
2499,4898,157,6,57.2
2500,1953,296,4,57.2
2501,1578,190,8,57.2
2502,2657,223,6,57.2
2503,3936,511,4,57.15
2504,2472,347,8,57.1
2505,4768,292,4,57.0
2506,1302,92,9,56.96
2507,2506,3,7,56.9
2508,1988,113,6,56.9
2509,3594,110,4,56.8
2510,2933,268,8,56.8
2511,2158,151,10,56.8
2512,4089,87,6,56.65
2513,1843,24,9,56.65
2514,2371,122,5,56.6
2515,3310,230,11,56.55
2516,4443,415,5,56.5
2517,2837,102,11,56.45
2518,2444,196,8,56.43
2519,2106,36,9,56.4
2520,3202,46,7,56.4
2521,3893,259,11,56.34
2522,2671,156,6,56.3
2523,3055,134,5,56.2
2524,4173,233,4,56.2
2525,4132,393,9,56.16
2526,4619,197,5,56.1
2527,3750,227,5,56.1
2528,1498,63,8,56.1
2529,1394,220,4,56.1
2530,1739,213,4,55.9
2531,3975,306,4,55.8
2532,2939,149,6,55.8
2533,4705,222,10,55.8
2534,4343,9,6,55.78
2535,2458,129,6,55.7
2536,4909,65,5,55.7
2537,3279,399,7,55.69
2538,4966,339,6,55.6
2539,3896,111,10,55.6
2540,1517,151,9,55.5
2541,3265,21,7,55.5
2542,4752,226,8,55.45
2543,3770,351,3,55.4
2544,2010,11,9,55.34
2545,4709,509,5,55.3
2546,2843,16,8,55.3
2547,3781,98,7,55.3
2548,1717,51,6,55.3
2549,2074,10,11,55.2
2550,2936,205,4,55.2
2551,3696,423,5,55.1
2552,1912,130,6,55.1
2553,2249,215,3,55.1
2554,1291,285,9,55.0
2555,4080,180,7,54.9
2556,1961,15,9,54.9
2557,1386,152,4,54.8
2558,1689,386,5,54.8
2559,1981,60,4,54.7
2560,3525,319,8,54.7
2561,3554,160,8,54.7
2562,4245,209,7,54.6
2563,1451,337,5,54.56
2564,1852,478,9,54.52
2565,1143,249,9,54.5
2566,4655,150,8,54.5
2567,1449,88,8,54.45
2568,2032,155,7,54.45
2569,1150,26,10,54.4
2570,2903,144,10,54.4
2571,3040,445,4,54.4
2572,2205,298,8,54.3
2573,4439,131,7,54.3
2574,2943,193,8,54.23
2575,4420,308,6,54.2
2576,4559,232,8,54.2
2577,3024,372,5,54.2
2578,2891,181,5,54.15
2579,3813,346,5,54.1
2580,3068,194,7,54.1
2581,1163,16,8,54.1
2582,3330,157,5,54.0
2583,4466,118,6,54.0
2584,1301,57,7,54.0
2585,4764,94,8,53.95
2586,3787,97,8,53.95
2587,1803,232,9,53.9
2588,4649,451,10,53.86
2589,1000,35,11,53.8
2590,2740,181,4,53.8
2591,2368,49,6,53.8
2592,4200,555,3,53.76
2593,3697,88,9,53.73
2594,3473,267,4,53.72
2595,2281,64,2,53.7
2596,2147,48,8,53.6
2597,3667,382,8,53.6
2598,2080,253,5,53.6
2599,2620,16,8,53.55
2600,4711,104,7,53.55
2601,2763,320,8,53.54
2602,4513,56,5,53.49
2603,3401,93,10,53.4
2604,1021,53,8,53.4
2605,4790,137,11,53.39
2606,4385,43,5,53.38
2607,1580,25,12,53.35
2608,4422,437,5,53.32
2609,1111,40,11,53.3
2610,1138,119,6,53.3
2611,3577,232,7,53.3
2612,4615,427,5,53.3
2613,4341,430,6,53.23
2614,2908,290,7,53.2
2615,4771,369,7,53.2
2616,1679,22,8,53.2
2617,1964,394,10,53.17
2618,2586,65,5,53.1
2619,2108,90,5,53.1
2620,2527,141,5,53.1
2621,2352,239,6,53.09
2622,4944,88,9,53.05
2623,2064,131,8,53.0
2624,1524,25,9,52.8
2625,4149,285,9,52.8
2626,1669,133,9,52.74
2627,4950,252,9,52.72
2628,3815,106,7,52.6
2629,3513,123,7,52.5
2630,1378,79,4,52.5
2631,3897,129,13,52.5
2632,3249,373,3,52.35
2633,3941,415,3,52.34
2634,2576,370,4,52.3
2635,2323,368,6,52.3
2636,2833,138,4,52.3
2637,3411,194,6,52.3
2638,4115,222,10,52.22
2639,3378,351,8,52.2
2640,2831,358,8,52.2
2641,3387,234,7,52.12
2642,2768,363,7,52.1
2643,4271,376,4,52.04
2644,1101,367,7,52.0
2645,2397,87,5,51.94
2646,1253,193,6,51.94
2647,2109,63,10,51.9
2648,1485,171,4,51.9
2649,3253,193,4,51.9
2650,2890,248,6,51.86
2651,4856,346,8,51.85
2652,2007,37,5,51.85
2653,1186,248,8,51.83
2654,3969,300,5,51.8
2655,1546,361,9,51.8
2656,1996,234,9,51.75
2657,4868,242,12,51.7
2658,2438,313,4,51.6
2659,1047,143,5,51.6
2660,4465,366,4,51.6
2661,2390,131,8,51.56
2662,4205,311,4,51.5
2663,2345,13,9,51.5
2664,4393,36,5,51.4
2665,1318,95,5,51.3
2666,3860,239,7,51.27
2667,3026,340,12,51.25
2668,3406,68,6,51.2
2669,3810,237,5,51.2
2670,1907,164,5,51.2
2671,3493,331,7,51.1
2672,1881,76,9,51.05
2673,3156,150,6,51.0
2674,1869,228,9,51.0
2675,3198,190,5,51.0
2676,3662,27,7,51.0
2677,3979,105,4,51.0
2678,1813,394,3,50.9
2679,1258,508,6,50.9
2680,1077,109,12,50.9
2681,3496,99,9,50.9
2682,1705,79,8,50.85
2683,4751,41,6,50.8
2684,3426,66,6,50.8
2685,1760,341,8,50.8
2686,4822,179,10,50.8
2687,2392,15,7,50.8
2688,4911,357,10,50.75
2689,2797,109,5,50.7
2690,2353,242,6,50.7
2691,1072,68,4,50.7
2692,1698,161,6,50.64
2693,3235,2,7,50.6
2694,1433,464,4,50.6
2695,4858,318,6,50.6
2696,3601,10,8,50.5
2697,3676,67,6,50.49
2698,4210,145,4,50.44
2699,2728,32,4,50.4
2700,3585,162,4,50.4
2701,4304,319,8,50.36
2702,3674,139,9,50.34
2703,4140,678,6,50.2
2704,3267,346,9,50.2
2705,4172,83,9,50.15
2706,1421,145,10,50.12
2707,3413,98,8,50.1
2708,4493,62,8,50.1
2709,1078,63,7,50.0
2710,1732,215,6,50.0
2711,3886,42,8,50.0
2712,4331,111,5,50.0
2713,4355,39,7,50.0
2714,3729,31,8,49.94
2715,3259,119,9,49.92
2716,4265,18,9,49.9
2717,4605,68,6,49.9
2718,2742,81,8,49.85
2719,1980,76,10,49.83
2720,1812,77,4,49.8
2721,2838,50,7,49.8
2722,1529,196,7,49.7
2723,2450,152,6,49.7
2724,1316,279,5,49.6
2725,1935,489,11,49.6
2726,4413,80,7,49.5
2727,1746,77,9,49.5
2728,1434,397,8,49.5
2729,3916,87,6,49.5
2730,3807,65,6,49.5
2731,3726,218,6,49.5
2732,1423,443,5,49.46
2733,3828,198,8,49.4
2734,2009,80,6,49.4
2735,3209,2,9,49.4
2736,4599,616,4,49.4
2737,2984,309,11,49.4
2738,3264,269,10,49.35
2739,4342,287,6,49.3
2740,1502,60,7,49.3
2741,2522,509,8,49.3
2742,2594,223,7,49.3
2743,2143,158,7,49.3
2744,2827,60,8,49.22
2745,2682,29,9,49.2
2746,1147,409,6,49.2
2747,3611,320,7,49.15
2748,3528,134,9,49.15
2749,4460,171,8,49.15
2750,4085,92,8,49.1
2751,4273,199,8,49.1
2752,1158,74,9,49.1
2753,2126,612,2,49.0
2754,2378,259,4,49.0
2755,4216,246,9,48.9
2756,1568,661,4,48.9
2757,3397,313,6,48.9
2758,3939,323,5,48.89
2759,4229,132,8,48.8
2760,1009,86,8,48.75
2761,3923,337,8,48.74
2762,1260,452,4,48.74
2763,4849,227,7,48.64
2764,1818,111,10,48.6
2765,1631,138,5,48.6
2766,1752,255,8,48.6
2767,4848,77,5,48.5
2768,1499,51,8,48.5
2769,3307,85,10,48.5
2770,2411,618,6,48.4
2771,1134,391,7,48.4
2772,3622,2,9,48.4
2773,4702,52,7,48.39
2774,2516,152,6,48.3
2775,3096,130,7,48.3
2776,1431,53,9,48.3
2777,2753,113,8,48.2
2778,3940,296,4,48.2
2779,3112,225,6,48.2
2780,2062,99,7,48.11
2781,4349,291,7,48.1
2782,3618,449,4,48.1
2783,4903,22,8,48.1
2784,4094,275,9,48.1
2785,1040,34,10,48.1
2786,3989,438,6,48.1
2787,1604,49,8,48.0
2788,4815,705,2,47.9
2789,2295,2,8,47.9
2790,4171,210,7,47.9
2791,4887,413,5,47.9
2792,3694,13,9,47.7
2793,4374,467,4,47.7
2794,1872,128,8,47.7
2795,3302,222,5,47.7
2796,4542,346,6,47.7
2797,2016,137,4,47.6
2798,4651,192,7,47.5
2799,1387,578,6,47.46
2800,1897,339,8,47.4
2801,2039,99,3,47.4
2802,4055,645,3,47.4
2803,4644,127,6,47.4
2804,3263,531,7,47.3
2805,1801,201,11,47.3
2806,2002,71,7,47.3
2807,3563,35,8,47.3
2808,4017,56,6,47.3
2809,4539,296,9,47.3
2810,1848,177,7,47.25
2811,1605,177,11,47.1
2812,2670,245,6,47.1
2813,1280,140,7,47.1
2814,3178,22,12,47.1
2815,1261,223,7,47.05
2816,4185,348,5,47.0
2817,3065,367,5,46.95
2818,4841,13,9,46.9
2819,2859,322,4,46.9
2820,1458,128,7,46.9
2821,1799,94,8,46.82
2822,4713,336,6,46.8
2823,3630,159,4,46.8
2824,2922,4,6,46.7
2825,3195,175,6,46.7
2826,2480,101,11,46.7
2827,3445,90,5,46.7
2828,1262,526,6,46.6
2829,4738,137,6,46.5
2830,2485,226,7,46.45
2831,2709,132,9,46.45
2832,4847,330,9,46.42
2833,3283,181,8,46.4
2834,1359,580,4,46.4
2835,1569,589,7,46.4
2836,4259,189,10,46.37
2837,4361,116,8,46.25
2838,2427,187,8,46.15
2839,4480,566,5,46.06
2840,3003,601,6,46.04
2841,3648,211,3,46.0
2842,3892,163,5,46.0
2843,1589,490,4,46.0
2844,4408,254,9,45.92
2845,2082,37,10,45.9
2846,3212,256,4,45.9
2847,4798,39,7,45.84
2848,3125,451,4,45.8
2849,1842,310,5,45.8
2850,2655,182,5,45.76
2851,3076,22,4,45.7
2852,3011,191,10,45.7
2853,2455,360,4,45.7
2854,3455,42,6,45.7
2855,4069,241,11,45.7
2856,3512,43,4,45.7
2857,2228,214,4,45.66
2858,2183,366,7,45.6
2859,1538,30,5,45.55
2860,1770,41,10,45.52
2861,3966,212,8,45.52
2862,3502,477,10,45.52
2863,1490,87,3,45.5
2864,3487,431,10,45.5
2865,3381,390,4,45.5
2866,3151,96,6,45.45
2867,4298,158,7,45.45
2868,3159,333,6,45.44
2869,4917,393,6,45.4
2870,3801,68,9,45.4
2871,3060,178,7,45.4
2872,4839,11,8,45.34
2873,2941,88,10,45.3
2874,4956,405,8,45.3
2875,3351,77,5,45.2
2876,3344,273,10,45.2
2877,1405,305,5,45.2
2878,4516,23,6,45.2
2879,3965,365,7,45.15
2880,1548,455,5,45.1
2881,2566,333,3,44.92
2882,3541,652,4,44.9
2883,1909,121,6,44.8
2884,4270,325,6,44.72
2885,4034,47,5,44.7
2886,2003,37,6,44.7
2887,4553,200,7,44.7
2888,4626,6,6,44.7
2889,3980,105,9,44.7
2890,4452,37,3,44.6
2891,2113,114,8,44.6
2892,4774,167,4,44.5
2893,4731,270,5,44.4
2894,3303,339,8,44.4
2895,1714,150,5,44.4
2896,4854,372,8,44.35
2897,1425,97,9,44.32
2898,3795,347,7,44.3
2899,1965,148,4,44.2
2900,2156,145,9,44.2
2901,3423,211,7,44.2
2902,1388,271,7,44.2
2903,4415,337,7,44.2
2904,1393,491,6,44.15
2905,4090,307,6,44.12
2906,3191,0,5,44.09
2907,4488,379,6,44.0
2908,4874,7,4,43.95
2909,1054,70,9,43.9
2910,3755,93,6,43.9
2911,3458,139,9,43.9
2912,2644,588,7,43.9
2913,2177,454,6,43.85
2914,4397,186,9,43.84
2915,2981,27,7,43.8
2916,4278,545,4,43.8
2917,3318,162,3,43.8
2918,4339,405,6,43.76
2919,4329,433,7,43.75
2920,1590,137,6,43.7
2921,2642,273,7,43.6
2922,3217,285,6,43.6
2923,2619,371,6,43.56
2924,3341,15,5,43.52
2925,3767,207,9,43.5
2926,1184,197,5,43.5
2927,4818,285,8,43.5
2928,2962,248,9,43.45
2929,2608,102,8,43.4
2930,2545,42,9,43.35
2931,1950,49,8,43.35
2932,4462,206,11,43.3
2933,1877,456,11,43.22
2934,2538,156,6,43.2
2935,4668,332,6,43.2
2936,3169,181,6,43.2
2937,4070,156,6,43.1
2938,1382,92,6,43.0
2939,1730,5,7,43.0
2940,4290,482,6,42.85
2941,2278,142,6,42.84
2942,2588,2,4,42.8
2943,3142,485,8,42.8
2944,4048,236,7,42.65
2945,3759,113,6,42.62
2946,1025,133,6,42.62
2947,3546,38,7,42.6
2948,4978,711,2,42.6
2949,4046,366,9,42.42
2950,3977,258,6,42.4
2951,4647,316,4,42.4
2952,3061,25,8,42.35
2953,1805,204,7,42.3
2954,3532,218,6,42.3
2955,1990,151,6,42.2
2956,1936,137,6,42.2
2957,2818,38,5,42.2
2958,2627,60,8,42.2
2959,3250,262,5,42.1
2960,4502,38,9,42.04
2961,4484,33,6,41.92
2962,4850,168,4,41.9
2963,1977,352,3,41.9
2964,1635,35,6,41.86
2965,4407,314,6,41.85
2966,3359,523,5,41.82
2967,4021,425,4,41.8
2968,2674,483,6,41.7
2969,1667,352,2,41.6
2970,2324,134,6,41.6
2971,3043,359,2,41.4
2972,1775,80,2,41.4
2973,4971,227,5,41.4
2974,2886,383,4,41.4
2975,4895,114,10,41.35
2976,2593,443,6,41.32
2977,2721,142,5,41.3
2978,4282,190,4,41.2
2979,2486,35,5,41.15
2980,2179,258,4,41.15
2981,4300,270,6,41.1
2982,1728,137,7,41.1
2983,3118,1,7,41.0
2984,1570,285,5,41.0
2985,1383,310,6,41.0
2986,1135,173,8,40.97
2987,3039,32,9,40.95
2988,2168,35,7,40.95
2989,4083,502,2,40.9
2990,1840,367,5,40.9
2991,1530,445,5,40.9
2992,1738,455,8,40.85
2993,1282,42,8,40.7
2994,1236,233,5,40.6
2995,2206,74,7,40.5
2996,1511,283,4,40.42
2997,2155,414,8,40.4
2998,3564,179,8,40.3
2999,2949,577,4,40.26
3000,1104,64,8,40.25
3001,3075,76,6,40.2
3002,4401,447,7,40.2
3003,3464,548,4,40.2
3004,3074,261,5,40.14
3005,2173,141,4,40.1
3006,2479,351,9,40.05
3007,2913,179,4,40.03
3008,3514,382,4,40.0
3009,3016,29,7,40.0
3010,4318,489,6,39.95
3011,3291,150,4,39.9
3012,1686,594,6,39.9
3013,2263,181,2,39.9
3014,4196,53,7,39.9
3015,4955,385,6,39.8
3016,2704,42,6,39.8
3017,1263,437,4,39.8
3018,1650,551,6,39.8
3019,4311,389,5,39.8
3020,4250,431,4,39.76
3021,1985,34,6,39.75
3022,4758,389,9,39.7
3023,4168,392,4,39.7
3024,4428,129,6,39.7
3025,1099,139,6,39.7
3026,1919,134,4,39.6
3027,1672,84,6,39.6
3028,2101,10,9,39.6
3029,4888,320,6,39.55
3030,4727,39,8,39.5
3031,4287,146,5,39.5
3032,3233,430,2,39.5
3033,2572,217,2,39.4
3034,4020,263,5,39.4
3035,2301,6,7,39.35
3036,3533,495,2,39.3
3037,2190,80,6,39.1
3038,1323,57,5,39.1
3039,1448,286,4,39.1
3040,1873,102,5,39.1
3041,1720,25,7,39.04
3042,1244,400,8,39.02
3043,1942,441,4,39.0
3044,2626,508,7,39.0
3045,3092,6,6,39.0
3046,1058,50,6,38.9
3047,4724,118,4,38.9
3048,1657,597,5,38.9
3049,3712,10,8,38.82
3050,4167,115,6,38.75
3051,1418,393,7,38.7
3052,1854,157,5,38.7
3053,1858,249,5,38.7
3054,1666,259,4,38.7
3055,4014,45,7,38.66
3056,2967,327,6,38.65
3057,1575,360,9,38.62
3058,1927,229,6,38.6
3059,2123,572,3,38.6
3060,3150,506,6,38.59
3061,2313,315,5,38.54
3062,3888,17,4,38.42
3063,2283,346,7,38.42
3064,1809,429,6,38.4
3065,4551,155,4,38.4
3066,2611,366,7,38.35
3067,2461,87,4,38.3
3068,3441,262,5,38.3
3069,1585,357,8,38.3
3070,2667,197,5,38.29
3071,1828,281,9,38.25
3072,3352,52,7,38.2
3073,3278,396,4,38.2
3074,1181,44,8,38.2
3075,4458,649,6,38.2
3076,4677,76,6,38.2
3077,2095,92,6,38.2
3078,3331,158,7,38.12
3079,4001,192,6,38.1
3080,2791,404,2,38.1
3081,2892,405,4,38.0
3082,4701,244,6,37.95
3083,1701,227,2,37.9
3084,3143,220,6,37.9
3085,3561,367,7,37.9
3086,2476,26,8,37.85
3087,1694,455,5,37.8
3088,4063,48,6,37.8
3089,2546,237,5,37.8
3090,2187,136,6,37.75
3091,3929,54,8,37.74
3092,2737,369,5,37.73
3093,4640,96,8,37.69
3094,4176,239,7,37.66
3095,2951,8,7,37.65
3096,3854,286,7,37.62
3097,1539,94,5,37.6
3098,2778,549,8,37.59
3099,1376,183,7,37.58
3100,3335,481,4,37.5
3101,4534,441,4,37.5
3102,2770,168,4,37.5
3103,4174,438,4,37.5
3104,2027,447,4,37.45
3105,4810,137,4,37.4
3106,3305,189,5,37.34
3107,4696,134,7,37.2
3108,2739,102,4,37.2
3109,1555,278,2,37.2
3110,4317,643,4,37.1
3111,4051,336,5,37.1
3112,2343,214,9,37.1
3113,1409,155,5,37.06
3114,3553,212,6,37.05
3115,4079,101,5,37.0
3116,1627,263,8,37.0
3117,4934,60,7,37.0
3118,3578,228,6,36.96
3119,4139,34,6,36.9
3120,2634,252,4,36.9
3121,1573,343,6,36.9
3122,1545,74,7,36.8
3123,2858,493,3,36.8
3124,4763,63,7,36.8
3125,4830,372,8,36.7
3126,2714,290,2,36.7
3127,4663,621,6,36.65
3128,4882,60,4,36.6
3129,1941,105,5,36.6
3130,2788,118,8,36.6
3131,4614,67,10,36.6
3132,1914,209,6,36.55
3133,2067,140,8,36.54
3134,1173,69,7,36.5
3135,3753,367,5,36.5
3136,1830,348,4,36.5
3137,4368,79,8,36.4
3138,2060,157,5,36.4
3139,2895,138,3,36.3
3140,1389,315,7,36.3
3141,3085,172,4,36.2
3142,3628,516,6,36.16
3143,3218,567,5,36.1
3144,2673,20,5,36.1
3145,4863,0,4,36.1
3146,4960,133,7,36.0
3147,3403,623,7,35.92
3148,3477,531,3,35.9
3149,1874,154,9,35.9
3150,1508,45,8,35.9
3151,2888,10,7,35.9
3152,4209,519,4,35.8
3153,2098,436,7,35.8
3154,3800,325,4,35.8
3155,1607,444,6,35.76
3156,1042,75,6,35.75
3157,3974,194,6,35.7
3158,2537,77,7,35.6
3159,2995,315,5,35.59
3160,4635,75,8,35.5
3161,2280,353,4,35.5
3162,1596,169,8,35.45
3163,1364,152,8,35.4
3164,2585,291,7,35.4
3165,3955,37,6,35.4
3166,4087,126,5,35.3
3167,2046,131,4,35.25
3168,3738,0,10,35.2
3169,1154,227,9,35.2
3170,3792,518,4,35.1
3171,1617,275,9,35.1
3172,1463,6,5,35.1
3173,4857,155,4,35.1
3174,3057,532,4,35.1
3175,1563,612,5,35.0
3176,2377,258,5,35.0
3177,3638,207,4,35.0
3178,1487,423,6,34.9
3179,2423,517,4,34.8
3180,1105,222,6,34.8
3181,1453,404,4,34.8
3182,1201,401,4,34.8
3183,2520,24,6,34.77
3184,3901,395,4,34.7
3185,4354,348,4,34.7
3186,1916,44,7,34.65
3187,1149,18,6,34.6
3188,1145,84,6,34.6
3189,1117,220,3,34.6
3190,1571,220,7,34.5
3191,2094,602,5,34.44
3192,1196,33,8,34.42
3193,4861,108,5,34.4
3194,1879,417,7,34.4
3195,1709,252,4,34.4
3196,3461,187,5,34.3
3197,3417,15,8,34.3
3198,2253,162,6,34.3
3199,4974,420,4,34.24
3200,3135,157,6,34.22
3201,4682,227,6,34.2
3202,3659,192,6,34.16
3203,2926,52,6,34.15
3204,4943,155,6,34.1
3205,3871,152,7,34.1
3206,1771,282,6,34.0
3207,4581,271,6,34.0
3208,3319,43,5,34.0
3209,2429,184,4,33.96
3210,3720,216,8,33.9
3211,3725,466,4,33.9
3212,3199,6,2,33.9
3213,1368,168,2,33.9
3214,3914,356,5,33.82
3215,2812,387,2,33.8
3216,4033,207,6,33.7
3217,3475,16,9,33.7
3218,2318,348,5,33.7
3219,2970,0,6,33.6
3220,2677,7,5,33.6
3221,3332,333,5,33.55
3222,3876,88,5,33.5
3223,3695,174,8,33.4
3224,3056,137,3,33.4
3225,2662,390,6,33.4
3226,2725,702,4,33.4
3227,2605,487,6,33.35
3228,2275,150,4,33.32
3229,2347,337,4,33.3
3230,2114,54,5,33.3
3231,2258,437,6,33.3
3232,2030,117,6,33.22
3233,4905,35,2,33.2
3234,3131,392,3,33.2
3235,1374,147,9,33.2
3236,3242,221,7,33.1
3237,4400,19,6,33.02
3238,3211,91,4,33.0
3239,1232,182,7,33.0
3240,4998,77,2,33.0
3241,1122,9,6,33.0
3242,2199,576,3,33.0
3243,4670,80,5,32.9
3244,4811,58,6,32.9
3245,1861,140,5,32.9
3246,3521,166,6,32.9
3247,4518,163,4,32.8
3248,3367,671,2,32.8
3249,4327,248,5,32.76
3250,3964,659,4,32.7
3251,2088,324,5,32.7
3252,1459,165,4,32.66
3253,1633,143,6,32.62
3254,2384,362,5,32.6
3255,1219,454,4,32.6
3256,3747,309,5,32.6
3257,1593,144,6,32.6
3258,2057,47,5,32.54
3259,1317,522,6,32.54
3260,2919,183,4,32.5
3261,4570,130,6,32.5
3262,3820,522,6,32.5
3263,2013,122,7,32.45
3264,4047,299,4,32.44
3265,2856,131,4,32.4
3266,1727,165,5,32.4
3267,3885,76,4,32.4
3268,4533,223,6,32.4
3269,3641,3,5,32.3
3270,3425,380,6,32.3
3271,2036,490,5,32.3
3272,3908,173,4,32.3
3273,2053,100,7,32.2
3274,1057,570,7,32.15
3275,2651,475,4,32.12
3276,3317,184,5,32.11
3277,1577,289,2,32.1
3278,3449,31,7,32.0
3279,2006,22,4,32.0
3280,2845,90,4,31.9
3281,1408,160,5,31.9
3282,2603,550,4,31.86
3283,4145,263,6,31.84
3284,3992,410,4,31.75
3285,1085,137,7,31.74
3286,2966,399,6,31.7
3287,1645,451,4,31.7
3288,3565,624,3,31.54
3289,3326,244,4,31.5
3290,3152,36,4,31.5
3291,4081,71,6,31.44
3292,4913,151,6,31.4
3293,3019,11,5,31.4
3294,3945,87,6,31.4
3295,3710,130,6,31.3
3296,3791,280,4,31.2
3297,4674,578,6,31.2
3298,3890,65,9,31.1
3299,1164,275,5,31.1
3300,3805,468,6,31.1
3301,4936,290,4,31.1
3302,2887,347,4,31.1
3303,1429,326,5,31.1
3304,2141,297,7,31.0
3305,3172,304,7,31.0
3306,2174,468,7,30.8
3307,3147,6,5,30.75
3308,2451,458,6,30.65
3309,1121,655,2,30.62
3310,3550,377,8,30.6
3311,2214,345,4,30.6
3312,3188,24,6,30.59
3313,1189,544,4,30.55
3314,4625,267,5,30.5
3315,2631,94,6,30.5
3316,3196,56,5,30.44
3317,3004,323,4,30.35
3318,2329,168,4,30.3
3319,4332,36,4,30.25
3320,2335,160,5,30.2
3321,3852,273,5,30.1
3322,1447,573,3,30.0
3323,1662,201,5,30.0
3324,1665,31,6,30.0
3325,1920,317,5,30.0
3326,3073,347,5,30.0
3327,4802,507,2,30.0
3328,4575,20,7,29.94
3329,2468,292,7,29.8
3330,1470,567,2,29.7
3331,4907,253,5,29.7
3332,2954,208,6,29.5
3333,2577,66,7,29.45
3334,3313,266,6,29.4
3335,2733,161,5,29.3
3336,4983,382,6,29.22
3337,4801,148,5,29.2
3338,1598,303,7,29.2
3339,2798,130,7,29.2
3340,1683,132,5,29.2
3341,4927,72,4,29.2
3342,2734,275,3,29.14
3343,3825,702,2,29.14
3344,4479,323,7,29.1
3345,1166,575,4,29.1
3346,3069,265,5,29.0
3347,4995,576,4,29.0
3348,2862,144,6,28.98
3349,3636,230,6,28.9
3350,3542,172,4,28.9
3351,3018,186,6,28.8
3352,1272,521,2,28.8
3353,4729,266,6,28.74
3354,2881,577,4,28.65
3355,4639,403,2,28.6
3356,4136,141,5,28.6
3357,4979,250,7,28.6
3358,3177,438,4,28.6
3359,1841,234,4,28.6
3360,2308,476,3,28.6
3361,4996,36,10,28.5
3362,4552,74,8,28.5
3363,3494,179,7,28.45
3364,1192,355,5,28.4
3365,4714,122,4,28.4
3366,3047,114,5,28.3
3367,4611,125,5,28.3
3368,2976,211,5,28.21
3369,2220,148,6,28.2
3370,3448,460,2,28.2
3371,2541,474,5,28.2
3372,3722,516,6,28.2
3373,4481,467,3,28.1
3374,4595,145,4,28.1
3375,3366,376,4,28.1
3376,3391,9,2,28.0
3377,2774,63,7,27.96
3378,3404,23,4,27.94
3379,3012,101,5,27.9
3380,3244,40,6,27.9
3381,3569,419,6,27.8
3382,4242,21,6,27.76
3383,3707,187,4,27.75
3384,2227,193,5,27.7
3385,2931,543,3,27.7
3386,1531,345,4,27.7
3387,4948,586,4,27.6
3388,1640,662,4,27.4
3389,3386,330,8,27.4
3390,4409,349,7,27.34
3391,3078,120,5,27.3
3392,3008,539,5,27.3
3393,2192,323,5,27.3
3394,3826,612,2,27.24
3395,2615,580,4,27.2
3396,4866,131,5,27.1
3397,4189,110,6,27.1
3398,4241,454,6,27.1
3399,1238,304,2,27.0
3400,1334,206,5,27.0
3401,2334,668,5,27.0
3402,2686,375,4,27.0
3403,2853,408,5,26.9
3404,2477,209,6,26.9
3405,2658,75,7,26.9
3406,3711,175,4,26.85
3407,1255,460,2,26.8
3408,2828,697,2,26.8
3409,1769,0,5,26.8
3410,1685,134,7,26.7
3411,4987,357,7,26.4
3412,2473,182,6,26.4
3413,1112,265,4,26.36
3414,2342,376,4,26.3
3415,1794,104,5,26.3
3416,4884,699,2,26.3
3417,3451,121,7,26.2
3418,2398,356,7,26.2
3419,2285,14,4,26.2
3420,2259,562,6,26.15
3421,4900,455,4,26.1
3422,3269,84,5,26.1
3423,1200,95,8,26.05
3424,4517,430,2,26.0
3425,3231,274,5,26.0
3426,4985,4,7,25.97
3427,1972,211,5,25.9
3428,1586,607,6,25.9
3429,1445,607,6,25.8
3430,4027,184,3,25.8
3431,3788,317,2,25.8
3432,1610,218,6,25.7
3433,1284,485,4,25.6
3434,3739,146,5,25.6
3435,1344,117,5,25.5
3436,1159,199,5,25.45
3437,1044,66,4,25.4
3438,3288,248,6,25.4
3439,1876,197,2,25.3
3440,4186,66,3,25.3
3441,3293,235,7,25.3
3442,2084,137,3,25.3
3443,2621,459,4,25.2
3444,3001,6,4,25.2
3445,3708,118,7,25.2
3446,4829,57,3,25.2
3447,1960,355,4,25.2
3448,4315,248,7,25.2
3449,2776,595,4,25.14
3450,1338,506,5,25.1
3451,4141,48,3,25.1
3452,4902,258,6,25.0
3453,2866,623,2,25.0
3454,3632,451,4,25.0
3455,4052,253,5,24.82
3456,2322,683,4,24.8
3457,2752,81,2,24.7
3458,4143,663,4,24.7
3459,3836,24,5,24.7
3460,4237,589,2,24.7
3461,1132,99,8,24.64
3462,1273,240,4,24.6
3463,3032,208,4,24.55
3464,1707,204,4,24.5
3465,3432,270,4,24.5
3466,3602,429,4,24.5
3467,4005,596,4,24.5
3468,4225,236,6,24.4
3469,1352,667,2,24.4
3470,4870,547,6,24.4
3471,4791,671,3,24.4
3472,1786,323,6,24.3
3473,1357,115,5,24.3
3474,2820,401,2,24.2
3475,2216,43,2,24.2
3476,4436,7,2,24.1
3477,4123,16,4,24.0
3478,1156,108,2,24.0
3479,1005,706,3,24.0
3480,3238,545,7,24.0
3481,2050,185,4,23.9
3482,1481,209,2,23.8
3483,1048,73,5,23.8
3484,3372,673,2,23.8
3485,4383,393,3,23.7
3486,4425,74,2,23.7
3487,4621,642,2,23.7
3488,1369,394,8,23.6
3489,3434,203,5,23.52
3490,4429,162,3,23.5
3491,1167,317,4,23.5
3492,2822,12,2,23.48
3493,4844,310,2,23.4
3494,4535,25,5,23.4
3495,1594,341,5,23.3
3496,1975,95,4,23.3
3497,4560,180,4,23.2
3498,4964,30,4,23.15
3499,4612,244,4,23.1
3500,2767,337,4,23.1
3501,1299,210,8,23.1
3502,3383,412,6,23.1
3503,2501,112,4,23.0
3504,2457,382,5,23.0
3505,4031,73,5,23.0
3506,3568,74,7,22.85
3507,4333,182,2,22.8
3508,2198,507,2,22.8
3509,1891,543,6,22.8
3510,1790,276,4,22.7
3511,1292,67,4,22.7
3512,2140,0,6,22.7
3513,2015,232,4,22.6
3514,2609,126,5,22.6
3515,1193,48,4,22.56
3516,1886,28,4,22.56
3517,4184,15,8,22.5
3518,4347,298,4,22.5
3519,3540,300,6,22.4
3520,2567,526,2,22.4
3521,1119,329,2,22.4
3522,2801,446,7,22.35
3523,4093,478,4,22.3
3524,3336,279,2,22.2
3525,4984,248,7,22.15
3526,2722,412,4,22.1
3527,3052,179,4,22.05
3528,4307,543,2,21.96
3529,4522,226,5,21.9
3530,1871,381,2,21.9
3531,4658,169,7,21.9
3532,5000,323,7,21.8
3533,3146,551,4,21.8
3534,1464,210,5,21.8
3535,1944,121,4,21.7
3536,3958,56,5,21.6
3537,3314,504,2,21.6
3538,3906,197,4,21.6
3539,3286,7,4,21.6
3540,4483,137,4,21.53
3541,2985,215,5,21.5
3542,2848,45,4,21.4
3543,3538,304,5,21.3
3544,3555,442,3,21.2
3545,4497,206,4,21.2
3546,2180,377,3,21.1
3547,2526,75,4,21.1
3548,3037,310,5,21.1
3549,1300,482,2,21.0
3550,4520,647,6,21.0
3551,3734,116,4,21.0
3552,2414,574,2,21.0
3553,1556,578,2,20.9
3554,4689,114,6,20.9
3555,1957,333,3,20.8
3556,4980,492,2,20.75
3557,1068,182,4,20.7
3558,2493,145,5,20.7
3559,2021,352,2,20.6
3560,1695,329,2,20.6
3561,2121,422,4,20.6
3562,2987,623,2,20.6
3563,2539,45,4,20.6
3564,2103,294,2,20.55
3565,2748,637,2,20.4
3566,1455,287,2,20.4
3567,3870,284,4,20.2
3568,3991,545,2,20.16
3569,3536,635,3,20.1
3570,1681,542,6,20.1
3571,1437,137,4,20.05
3572,3155,464,2,20.0
3573,1257,470,4,20.0
3574,1845,145,7,20.0
3575,4181,479,3,20.0
3576,1066,566,6,19.92
3577,2161,462,4,19.92
3578,2490,12,6,19.92
3579,3654,14,5,19.8
3580,3626,567,4,19.8
3581,3197,669,2,19.8
3582,2898,525,5,19.7
3583,1462,462,4,19.7
3584,3933,393,4,19.62
3585,3230,350,2,19.6
3586,2372,118,5,19.6
3587,4642,27,4,19.57
3588,3883,86,4,19.5
3589,2852,205,2,19.5
3590,2710,77,4,19.5
3591,4118,6,2,19.4
3592,4135,598,4,19.4
3593,4010,1,5,19.4
3594,2607,405,4,19.3
3595,2463,4,4,19.2
3596,2219,257,5,19.2
3597,1350,483,5,19.2
3598,2112,572,4,19.0
3599,4920,312,4,19.0
3600,4803,365,6,19.0
3601,4451,402,2,18.9
3602,3606,414,2,18.9
3603,1880,106,4,18.8
3604,2844,223,2,18.8
3605,3715,233,4,18.7
3606,4930,504,3,18.7
3607,4792,163,3,18.7
3608,1700,61,3,18.64
3609,2998,169,5,18.6
3610,3566,16,4,18.6
3611,3598,259,4,18.5
3612,3887,462,3,18.44
3613,3087,368,5,18.4
3614,2487,174,4,18.1
3615,2628,393,2,18.0
3616,2075,344,6,18.0
3617,4208,695,2,18.0
3618,2731,263,4,18.0
3619,4737,102,2,18.0
3620,3395,133,4,17.9
3621,1080,230,5,17.8
3622,1402,442,3,17.8
3623,3834,591,4,17.76
3624,4918,337,5,17.7
3625,1137,95,5,17.6
3626,4775,641,3,17.6
3627,4490,708,4,17.6
3628,4587,586,2,17.6
3629,4379,90,4,17.6
3630,3130,242,5,17.5
3631,3845,102,2,17.4
3632,1247,452,4,17.4
3633,2330,420,4,17.4
3634,1313,5,2,17.3
3635,3970,423,2,17.2
3636,3580,36,4,17.2
3637,3234,136,2,17.1
3638,4491,468,2,17.1
3639,3466,386,6,17.1
3640,1071,460,3,17.1
3641,2153,381,4,17.09
3642,2675,106,5,17.0
3643,4279,702,2,16.9
3644,1755,574,4,16.9
3645,4158,4,4,16.85
3646,1471,496,4,16.8
3647,1059,564,5,16.8
3648,2145,18,5,16.8
3649,1222,97,4,16.8
3650,1496,613,2,16.8
3651,3408,55,5,16.7
3652,1046,189,4,16.7
3653,3272,192,4,16.65
3654,3501,156,4,16.6
3655,1228,310,3,16.6
3656,4032,142,4,16.6
3657,3634,20,5,16.6
3658,1630,222,4,16.5
3659,4885,75,2,16.4
3660,3064,362,4,16.4
3661,4973,581,3,16.4
3662,3968,48,5,16.4
3663,1029,291,2,16.35
3664,1933,435,2,16.2
3665,4961,423,2,16.2
3666,2894,291,2,16.0
3667,1537,332,4,16.0
3668,1124,494,4,15.9
3669,3482,518,6,15.8
3670,3652,103,4,15.7
3671,4630,549,2,15.7
3672,4435,389,8,15.7
3673,3994,393,2,15.7
3674,2992,51,3,15.6
3675,4730,399,4,15.6
3676,4528,78,4,15.4
3677,1558,268,2,15.4
3678,3000,495,2,15.4
3679,3706,408,2,15.3
3680,2354,497,6,15.3
3681,1096,155,2,15.3
3682,4949,134,2,15.2
3683,4846,391,5,15.0
3684,1267,594,2,15.0
3685,2720,552,2,14.9
3686,2808,239,6,14.8
3687,1187,18,6,14.77
3688,1860,522,4,14.7
3689,2953,360,3,14.6
3690,4514,531,2,14.6
3691,3173,158,2,14.6
3692,1321,261,3,14.6
3693,4904,389,2,14.5
3694,2773,579,2,14.5
3695,3605,269,3,14.5
3696,4378,240,4,14.5
3697,3377,488,2,14.4
3698,3624,597,2,14.4
3699,1745,648,2,14.4
3700,3105,627,2,14.2
3701,4454,7,2,14.1
3702,1673,631,2,13.9
3703,3993,315,3,13.9
3704,3108,645,3,13.85
3705,3889,372,4,13.8
3706,2197,542,2,13.8
3707,3103,385,4,13.8
3708,3981,5,4,13.7
3709,1401,215,3,13.6
3710,4795,153,2,13.5
3711,4994,325,2,13.5
3712,1436,304,2,13.49
3713,4653,416,4,13.4
3714,1519,428,2,13.4
3715,2826,482,2,13.4
3716,2442,674,2,13.4
3717,4739,391,4,13.2
3718,2012,276,4,13.2
3719,2963,582,4,13.2
3720,3995,187,4,13.0
3721,4496,341,2,13.0
3722,1915,145,4,13.0
3723,2637,468,3,12.9
3724,1898,414,2,12.8
3725,2968,74,2,12.64
3726,4043,343,2,12.6
3727,2456,655,2,12.5
3728,3418,292,4,12.4
3729,1310,403,3,12.4
3730,2292,280,2,12.4
3731,3097,142,2,12.4
3732,3943,636,2,12.3
3733,3453,14,4,12.1
3734,3163,366,4,12.1
3735,3932,602,2,12.1
3736,2116,123,4,12.1
3737,4945,150,2,12.0
3738,4805,78,3,12.0
3739,1643,246,4,12.0
3740,3733,512,4,12.0
3741,3216,321,4,12.0
3742,3350,586,4,11.9
3743,3454,13,2,11.8
3744,1397,9,2,11.8
3745,3174,324,4,11.8
3746,1721,76,6,11.8
3747,4309,106,4,11.7
3748,1826,376,2,11.7
3749,4248,447,2,11.7
3750,2008,70,5,11.65
3751,3333,311,4,11.6
3752,4824,559,2,11.6
3753,1579,563,2,11.5
3754,2878,421,4,11.5
3755,4562,419,4,11.4
3756,3436,278,2,11.4
3757,3240,363,3,11.4
3758,4423,673,2,11.4
3759,2417,422,2,11.4
3760,3098,117,4,11.4
3761,1956,716,2,11.3
3762,3607,676,2,11.2
3763,1963,0,2,11.1
3764,2889,344,2,11.1
3765,1762,182,4,11.0
3766,2474,324,2,11.0
3767,4011,489,2,11.0
3768,1439,139,2,10.9
3769,3290,215,2,10.9
3770,2911,169,4,10.85
3771,1415,367,3,10.8
3772,1266,490,2,10.8
3773,1036,709,2,10.8
3774,1925,575,2,10.7
3775,3007,393,4,10.7
3776,4707,322,4,10.7
3777,4530,109,3,10.6
3778,2558,140,2,10.6
3779,3610,470,4,10.6
3780,2350,579,4,10.5
3781,3179,284,2,10.5
3782,1177,77,4,10.45
3783,3376,722,3,10.3
3784,2024,527,4,10.25
3785,2988,77,2,10.2
3786,1688,50,2,10.1
3787,2373,495,2,10.1
3788,4521,106,2,10.0
3789,3576,594,2,10.0
3790,1180,493,4,9.9
3791,4755,3,3,9.9
3792,3422,521,2,9.8
3793,4590,498,2,9.6
3794,4982,151,3,9.6
3795,1469,489,2,9.5
3796,4072,138,2,9.4
3797,3944,361,3,9.4
3798,3134,206,2,9.4
3799,1089,390,2,9.3
3800,3796,207,2,9.0
3801,2841,10,2,9.0
3802,4472,445,2,9.0
3803,2614,188,2,9.0
3804,2136,323,2,9.0
3805,3243,727,2,8.9
3806,3373,6,4,8.8
3807,4506,141,2,8.7
3808,2096,339,2,8.6
3809,3126,393,2,8.5
3810,4099,337,5,8.5
3811,3700,255,3,8.4
3812,2717,727,1,8.4
3813,4703,436,2,8.2
3814,2387,659,2,8.1
3815,1063,341,4,8.1
3816,2759,156,2,8.0
3817,3823,385,2,7.9
3818,3777,672,2,7.9
3819,3136,611,2,7.9
3820,3080,683,2,7.85
3821,3874,529,2,7.8
3822,4834,247,2,7.8
3823,1400,445,2,7.8
3824,2783,274,2,7.8
3825,3412,338,4,7.8
3826,1227,601,2,7.7
3827,1744,93,4,7.65
3828,3714,571,3,7.65
3829,1084,621,2,7.6
3830,1989,112,2,7.6
3831,2684,353,3,7.5
3832,2425,313,3,7.5
3833,2735,212,2,7.4
3834,3093,292,2,7.32
3835,3771,374,2,7.3
3836,3510,362,2,7.3
3837,1375,80,2,7.2
3838,3301,249,2,7.1
3839,3270,229,2,6.9
3840,2482,708,3,6.9
3841,4447,243,2,6.8
3842,3631,474,2,6.8
3843,4631,673,2,6.8
3844,4188,497,2,6.72
3845,1976,77,3,6.7
3846,1251,34,3,6.6
3847,3431,517,2,6.6
3848,4365,313,3,6.5
3849,2304,182,2,6.4
3850,4889,330,3,6.4
3851,2302,700,2,6.0
3852,1243,721,2,6.0
3853,2297,304,2,5.92
3854,1642,458,2,5.9
3855,3239,33,2,5.9
3856,3478,272,2,5.8
3857,3124,265,3,5.7
3858,4366,139,2,5.7
3859,4247,727,2,5.6
3860,3824,321,2,5.4
3861,2296,566,2,5.35
3862,2213,492,2,5.3
3863,3345,91,2,5.2
3864,4142,43,2,4.9
3865,2497,511,2,4.9
3866,2591,385,3,4.8
3867,4419,7,2,4.6
3868,4062,398,2,4.6
3869,3362,578,2,4.6
3870,4386,113,2,4.5
3871,1592,397,2,4.4
3872,3490,174,2,4.4
3873,2248,288,2,4.4
3874,2668,394,2,4.2
3875,3503,31,2,4.1
3876,1626,315,2,4.1
3877,3858,278,2,4.0
3878,3723,291,2,3.9
3879,3780,674,2,3.7
3880,3990,593,2,3.7
3881,1093,277,2,3.65
3882,4151,58,1,3.6
3883,1414,220,2,3.4
3884,3625,439,2,3.4
3885,4023,343,2,3.4
3886,4816,152,1,3.2
3887,4926,405,2,2.9
3888,1314,481,2,2.9
3889,1039,213,2,2.7
3890,3162,207,2,2.6
3891,2640,252,1,2.4
3892,3949,273,2,2.1
3893,1560,593,2,1.9
3894,1221,410,2,1.7
3895,4029,429,1,1.6
3896,1250,448,2,1.3
3897,4565,0,1,1.1
